day,step,clock,status,objective,gap_percent,solve_time_s
1,1,08:00,TIME_LIMIT,105.1593845756303,48.60679091839249,600.0148890018463
1,2,08:15,TIME_LIMIT,86.410354076075,35.333235935549986,600.0428371429443
1,3,08:30,TIME_LIMIT,69.31844836890286,16.96483527212363,600.0767741203308
1,4,08:45,TIME_LIMIT,82.55024763269219,35.13582557016498,600.1044390201569
1,5,09:00,TIME_LIMIT,95.33746630577394,42.60788381529635,600.0440230369568
1,6,09:15,TIME_LIMIT,91.34325378669539,30.416114203416356,600.0300061702728
1,7,09:30,TIME_LIMIT,91.29726721782143,43.04285613274483,600.0520739555359
1,8,09:45,TIME_LIMIT,68.5465386000414,17.746529131400095,600.0652461051941
1,9,10:00,TIME_LIMIT,93.05365369691172,37.73589716814794,600.0714540481567
1,10,10:15,TIME_LIMIT,67.2126276767326,4.604810082277815,600.0411398410797
1,11,10:30,TIME_LIMIT,68.84829577021924,18.304937757905485,600.0429861545563
1,12,10:45,OPTIMAL,61.4133944452083,0.9993370349017535,166.4037308692932
1,13,11:00,OPTIMAL,61.672633895069815,0.9938778647016373,85.37806797027588
1,14,11:15,OPTIMAL,62.47353436666092,0.9991447512045855,80.18283438682556
1,15,11:30,OPTIMAL,62.187816814093765,0.9997359881899873,105.96156907081604
1,16,11:45,OPTIMAL,61.50632828280816,0.8354338491565737,41.48276710510254
1,17,12:00,OPTIMAL,61.574964208753,0.9786772687662678,15.673792123794556
1,18,12:15,OPTIMAL,61.70520070721278,0.9919560129282804,24.658859968185425
1,19,12:30,OPTIMAL,61.352738264827806,0.44301634667165146,36.44223427772522
1,20,12:45,OPTIMAL,61.14491647689784,0.873593223346107,2.12788987159729
1,21,13:00,OPTIMAL,56.044936041297554,0.33808128166093354,2.0896708965301514
1,22,13:15,OPTIMAL,56.06723673878511,0.8188778031045004,2.471130847930908
1,23,13:30,OPTIMAL,55.89081796319069,0.5797449509731009,1.907080888748169
1,24,13:45,OPTIMAL,55.742504500598585,0.030702042169608822,1.7172586917877197
1,25,14:00,OPTIMAL,55.73583486325538,0.3369201377157531,2.66070294380188
1,26,14:15,OPTIMAL,55.49399720442083,0.1057219623951457,2.1442151069641113
1,27,14:30,OPTIMAL,55.36501438003001,0.1968860350843094,1.6139352321624756
1,28,14:45,OPTIMAL,55.368390251734155,0.01617369953813008,1.412299633026123
1,29,15:00,OPTIMAL,55.49930503910302,0.042271049615039934,1.0835790634155273
1,30,15:15,OPTIMAL,55.39946383130395,0.013921628230885243,1.0409579277038574
1,31,15:30,OPTIMAL,55.461187869344776,0.008425331269003711,1.5885090827941895
1,32,15:45,OPTIMAL,55.40931428048643,0.021455433790647543,0.8807311058044434
1,33,16:00,OPTIMAL,55.315255921215694,0.0,0.6323859691619873
1,34,16:15,OPTIMAL,55.269993688729386,2.571169954394236e-14,0.5426008701324463
1,35,16:30,OPTIMAL,55.22139072830892,0.0,0.5063300132751465
1,36,16:45,OPTIMAL,55.17916983045707,0.0,0.5508108139038086
1,37,17:00,OPTIMAL,55.12486390649492,1.2889695963065817e-14,0.5365200042724609
1,38,17:15,OPTIMAL,55.078019387416305,0.0,0.5266611576080322
1,39,17:30,OPTIMAL,55.03117486833776,0.0,0.5093252658843994
1,40,17:45,OPTIMAL,54.984330349259174,2.5845281055411583e-14,0.4460291862487793
1,41,18:00,OPTIMAL,54.9843303492592,0.0,0.3260648250579834
1,42,18:15,OPTIMAL,54.9843303492592,0.0,0.32854294776916504
1,43,18:30,OPTIMAL,54.9843303492592,0.0,0.3522460460662842
1,44,18:45,OPTIMAL,54.9843303492592,0.0,0.06876993179321289
1,45,19:00,OPTIMAL,49.9843303492592,0.0,0.07117104530334473
1,46,19:15,OPTIMAL,49.9843303492592,0.0,0.07039904594421387
1,47,19:30,OPTIMAL,49.9843303492592,0.0,0.06797194480895996
1,48,19:45,OPTIMAL,49.9843303492592,0.0,0.06637787818908691
1,49,20:00,OPTIMAL,49.9843303492592,0.0,0.07051706314086914
1,50,20:15,OPTIMAL,49.9843303492592,0.0,0.06531882286071777
1,51,20:30,OPTIMAL,49.9843303492592,0.0,0.06072425842285156
1,52,20:45,OPTIMAL,49.9843303492592,0.0,0.059209346771240234
1,53,21:00,OPTIMAL,49.9843303492592,0.0,0.06124997138977051
1,54,21:15,OPTIMAL,49.772481627708515,0.0,0.057421207427978516
1,55,21:30,OPTIMAL,49.56060649183516,0.0,0.05497384071350098
1,56,21:45,OPTIMAL,49.34860900972446,0.0,0.05481386184692383
1,57,22:00,OPTIMAL,49.13624762741472,0.0,0.05236101150512695
1,58,22:15,OPTIMAL,48.92364167492522,0.0,0.049906015396118164
1,59,22:30,OPTIMAL,48.71049721804598,0.0,0.05283308029174805
1,60,22:45,OPTIMAL,48.49696512038937,0.0,0.048368215560913086
1,61,23:00,OPTIMAL,48.283253568698505,0.0,0.04522705078125
1,62,23:15,OPTIMAL,48.283253568698505,0.0,0.048877716064453125
1,63,23:30,OPTIMAL,48.06955644871561,0.0,0.04694509506225586
1,64,23:45,OPTIMAL,48.06601550078371,0.0,0.04279804229736328
1,65,00:00,OPTIMAL,48.06601550078371,0.0,0.04113578796386719
1,66,00:15,OPTIMAL,47.91873961353082,0.0,0.04277968406677246
1,67,00:30,OPTIMAL,47.77247047536349,0.0,0.038398027420043945
1,68,00:45,OPTIMAL,47.62614562186851,0.0,0.03722095489501953
1,69,01:00,OPTIMAL,47.47981985062907,0.0,0.03597903251647949
1,70,01:15,OPTIMAL,47.333552878285424,0.0,0.038168907165527344
1,71,01:30,OPTIMAL,47.18718543327508,0.0,0.03532290458679199
1,72,01:45,OPTIMAL,47.04073230873361,0.0,0.029076099395751953
1,73,02:00,OPTIMAL,46.8942694341389,0.0,0.03299140930175781
1,74,02:15,OPTIMAL,46.747840582826925,0.0,0.02736186981201172
1,75,02:30,OPTIMAL,46.60139886062477,0.0,0.02798175811767578
1,76,02:45,OPTIMAL,46.45487857286851,0.0,0.026918888092041016
1,77,03:00,OPTIMAL,46.30838628942884,0.0,0.02368927001953125
1,78,03:15,OPTIMAL,46.16186140967595,0.0,0.020453214645385742
1,79,03:30,OPTIMAL,46.01522745242045,0.0,0.020509004592895508
1,80,03:45,OPTIMAL,45.868523166017944,0.0,0.019247770309448242
1,81,04:00,OPTIMAL,45.72178569780921,0.0,0.018311023712158203
1,82,04:15,OPTIMAL,45.57508800031943,0.0,0.01778721809387207
1,83,04:30,OPTIMAL,45.42866586620475,0.0,0.018598079681396484
1,84,04:45,OPTIMAL,45.28225382983469,0.0,0.018728971481323242
1,85,05:00,OPTIMAL,45.135853515863154,0.0,0.01844191551208496
1,86,05:15,OPTIMAL,44.9893863670683,0.0,0.016273975372314453
1,87,05:30,OPTIMAL,44.84303058764819,0.0,0.014419794082641602
1,88,05:45,OPTIMAL,44.69659358128158,0.0,0.013849973678588867
1,89,06:00,OPTIMAL,44.55009505933587,0.0,0.012703180313110352
1,90,06:15,OPTIMAL,44.33649053102391,0.0,0.011013984680175781
1,91,06:30,OPTIMAL,44.1231107102662,0.0,0.010325908660888672
1,92,06:45,OPTIMAL,43.90984215221458,0.0,0.008898258209228516
1,93,07:00,OPTIMAL,43.696753377681155,0.0,0.007227897644042969
1,94,07:15,OPTIMAL,43.483898275500344,0.0,0.0065631866455078125
1,95,07:30,OPTIMAL,43.27167449876971,0.0,0.007324934005737305
1,96,07:45,OPTIMAL,43.059853248139774,0.0,0.0005638599395751953
