Time_Period,Clock,A0_Discharge_kW,A0_Discharge_cum_kWh,A0_Work_kW,A0_CEV1_Activity,A0_MCS_Status,A2S_Discharge_kW,A2S_Discharge_cum_kWh,A2S_Work_kW,A2S_CEV1_Activity,A2S_MCS_Status,A2S_minus_A0_cum_kWh
1,08:00,0.0,0.0,4.7784182492155605,Digging,Traveling,0.0,0.0,4.7784182492155605,Digging,Idle,0.0
2,08:15,5.04473684210517,1.2611842105262925,0.0,Charging,Serving CEV,0.0,0.0,4.89124233159133,Digging,Traveling,-1.2611842105262925
3,08:30,-2.1227464230832993e-12,1.2611842105257618,4.89124233159133,Digging,Idle,1.8187010776768773,0.4546752694192193,0.0,Charging,Serving CEV,-0.8065089411065425
4,08:45,0.0,1.2611842105257618,4.7144295934251765,Digging,Idle,0.0,0.4546752694192193,4.7144295934251765,Digging,Idle,-0.8065089411065425
5,09:00,7.999999999999997,3.2611842105257614,0.0,Charging,Serving CEV,0.0,0.4546752694192193,3.0399839265230844,Loading/Swinging,Idle,-2.806508941106542
6,09:15,0.0,3.2611842105257614,4.654806209328332,Digging,Idle,0.0,0.4546752694192193,4.852241715849725,Traveling,Idle,-2.806508941106542
7,09:30,0.0,3.2611842105257614,4.852241715849725,Traveling,Idle,7.689649230983065,2.3770875771649855,0.0,Charging,Serving CEV,-0.8840966333607758
8,09:45,8.0,5.261184210525761,0.0,Charging,Serving CEV,0.0,2.3770875771649855,3.20118368814545,Loading/Swinging,Traveling,-2.884096633360776
9,10:00,0.0,5.261184210525761,4.564569249934158,Digging,Traveling,0.0,2.3770875771649855,4.654806209328332,Digging,Charging (grid),-2.884096633360776
10,10:15,0.0,5.261184210525761,4.900287106182524,Digging,Charging (grid),0.0,2.3770875771649855,3.1732716877782643,Loading/Swinging,Charging (grid),-2.884096633360776
11,10:30,0.0,5.261184210525761,4.878461091915892,Digging,Charging (grid),0.0,2.3770875771649855,4.564569249934158,Digging,Charging (grid),-2.884096633360776
12,10:45,0.0,5.261184210525761,0.0,Idle,Charging (grid),0.0,2.3770875771649855,0.0,Idle,Idle,-2.884096633360776
13,11:00,0.0,5.261184210525761,4.785701284916126,Digging,Charging (grid),0.0,2.3770875771649855,4.518842494522781,Traveling,Charging (grid),-2.884096633360776
14,11:15,0.0,5.261184210525761,4.518842494522781,Traveling,Charging (grid),0.0,2.3770875771649855,4.900287106182524,Digging,Charging (grid),-2.884096633360776
15,11:30,0.0,5.261184210525761,4.818886657641851,Digging,Charging (grid),0.0,2.3770875771649855,4.878461091915892,Digging,Charging (grid),-2.884096633360776
16,11:45,0.0,5.261184210525761,4.7273636158226084,Digging,Charging (grid),0.0,2.3770875771649855,3.3206687017278322,Loading/Swinging,Traveling,-2.884096633360776
17,12:00,0.0,5.261184210525761,0.0,Idle,Charging (grid),0.40005867103175063,2.477102244922923,0.0,Charging,Serving CEV,-2.784081965602838
18,12:15,0.0,5.261184210525761,0.0,Idle,Charging (grid),8.0,4.477102244922923,0.0,Charging,Serving CEV,-0.7840819656028382
19,12:30,0.0,5.261184210525761,0.0,Idle,Charging (grid),8.0,6.477102244922923,0.0,Charging,Serving CEV,1.2159180343971618
20,12:45,0.0,5.261184210525761,0.0,Idle,Charging (grid),0.0,6.477102244922923,0.0,Idle,Idle,1.2159180343971618
21,13:00,0.0,5.261184210525761,0.0,Idle,Charging (grid),2.3980305771065717,7.076609889199566,0.0,Charging,Serving CEV,1.8154256786738046
22,13:15,0.0,5.261184210525761,0.0,Idle,Traveling,8.0,9.076609889199567,0.0,Charging,Serving CEV,3.8154256786738054
23,13:30,8.0,7.261184210525761,0.0,Charging,Serving CEV,8.0,11.076609889199567,0.0,Charging,Serving CEV,3.8154256786738054
24,13:45,8.0,9.261184210525762,0.0,Charging,Serving CEV,0.0,11.076609889199567,0.0,Idle,Idle,1.8154256786738046
25,14:00,0.0,9.261184210525762,4.832512706422161,Digging,Idle,0.0,11.076609889199567,4.785701284916126,Digging,Idle,1.8154256786738046
26,14:15,0.0,9.261184210525762,5.0089966721530494,Digging,Idle,0.0,11.076609889199567,4.5712592303361115,Traveling,Idle,1.8154256786738046
27,14:30,0.0,9.261184210525762,4.5712592303361115,Traveling,Idle,0.0,11.076609889199567,4.818886657641851,Digging,Idle,1.8154256786738046
28,14:45,8.0,11.261184210525762,0.0,Charging,Serving CEV,0.0,11.076609889199567,4.7273636158226084,Digging,Idle,-0.18457432132619545
29,15:00,0.0,11.261184210525762,3.0399839265230844,Loading/Swinging,Idle,8.0,13.076609889199567,0.0,Charging,Serving CEV,1.8154256786738046
30,15:15,0.0,11.261184210525762,3.20118368814545,Loading/Swinging,Idle,0.0,13.076609889199567,4.832512706422161,Digging,Idle,1.8154256786738046
31,15:30,0.0,11.261184210525762,3.1732716877782643,Loading/Swinging,Idle,0.0,13.076609889199567,3.2005150152845663,Loading/Swinging,Idle,1.8154256786738046
32,15:45,0.0,11.261184210525762,3.3206687017278322,Loading/Swinging,Idle,0.0,13.076609889199567,4.649663225034385,Traveling,Idle,1.8154256786738046
33,16:00,8.0,13.261184210525762,0.0,Charging,Serving CEV,0.0,13.076609889199567,5.0089966721530494,Digging,Idle,-0.18457432132619545
34,16:15,0.0,13.261184210525762,4.649663225034385,Traveling,Idle,8.0,15.076609889199567,0.0,Charging,Serving CEV,1.8154256786738046
35,16:30,0.0,13.261184210525762,3.2005150152845663,Loading/Swinging,Idle,8.000000000000004,17.076609889199567,0.0,Charging,Serving CEV,3.8154256786738046
36,16:45,0.0,13.261184210525762,3.054991207199425,Loading/Swinging,Idle,0.0,17.076609889199567,3.054991207199425,Loading/Swinging,Idle,3.8154256786738046
37,17:00,8.0,15.261184210525762,0.0,Charging,Serving CEV,8.0,19.076609889199567,0.0,Charging,Serving CEV,3.8154256786738046
38,17:15,8.0,17.261184210525762,0.0,Charging,Serving CEV,8.0,21.076609889199567,0.0,Charging,Serving CEV,3.8154256786738046
39,17:30,8.0,19.261184210525762,0.0,Charging,Serving CEV,8.0,23.076609889199567,0.0,Charging,Serving CEV,3.8154256786738046
40,17:45,0.0,19.261184210525762,0.0,Idle,Idle,2.9809011622654085,23.82183517976592,0.0,Charging,Serving CEV,4.560650969240157
41,18:00,8.0,21.261184210525762,0.0,Charging,Serving CEV,0.0,23.82183517976592,0.0,Idle,Traveling,2.5606509692401573
42,18:15,8.0,23.261184210525762,0.0,Charging,Serving CEV,0.0,23.82183517976592,0.0,Idle,Idle,0.5606509692401573
43,18:30,0.0,23.261184210525762,0.0,Idle,Idle,0.0,23.82183517976592,0.0,Idle,Idle,0.5606509692401573
44,18:45,7.273157894739047,25.079473684210523,0.0,Charging,Serving CEV,0.0,23.82183517976592,0.0,Idle,Idle,-1.2576385044446035
45,19:00,0.0,25.079473684210523,0.0,Idle,Idle,0.0,23.82183517976592,0.0,Idle,Idle,-1.2576385044446035
46,19:15,0.0,25.079473684210523,0.0,Idle,Idle,0.0,23.82183517976592,0.0,Idle,Idle,-1.2576385044446035
47,19:30,0.0,25.079473684210523,0.0,Idle,Idle,0.0,23.82183517976592,0.0,Idle,Idle,-1.2576385044446035
48,19:45,0.0,25.079473684210523,0.0,Idle,Idle,0.0,23.82183517976592,0.0,Idle,Idle,-1.2576385044446035
49,20:00,0.0,25.079473684210523,0.0,Idle,Idle,0.0,23.82183517976592,0.0,Idle,Idle,-1.2576385044446035
50,20:15,0.0,25.079473684210523,0.0,Idle,Traveling,0.0,23.82183517976592,0.0,Idle,Idle,-1.2576385044446035
51,20:30,0.0,25.079473684210523,0.0,Idle,Idle,0.0,23.82183517976592,0.0,Idle,Idle,-1.2576385044446035
52,20:45,0.0,25.079473684210523,0.0,Idle,Idle,0.0,23.82183517976592,0.0,Idle,Idle,-1.2576385044446035
53,21:00,0.0,25.079473684210523,0.0,Idle,Charging (grid),0.0,23.82183517976592,0.0,Idle,Charging (grid),-1.2576385044446035
54,21:15,0.0,25.079473684210523,0.0,Idle,Charging (grid),0.0,23.82183517976592,0.0,Idle,Charging (grid),-1.2576385044446035
55,21:30,0.0,25.079473684210523,0.0,Idle,Charging (grid),0.0,23.82183517976592,0.0,Idle,Charging (grid),-1.2576385044446035
56,21:45,0.0,25.079473684210523,0.0,Idle,Charging (grid),0.0,23.82183517976592,0.0,Idle,Charging (grid),-1.2576385044446035
57,22:00,0.0,25.079473684210523,0.0,Idle,Charging (grid),0.0,23.82183517976592,0.0,Idle,Charging (grid),-1.2576385044446035
58,22:15,0.0,25.079473684210523,0.0,Idle,Charging (grid),0.0,23.82183517976592,0.0,Idle,Charging (grid),-1.2576385044446035
59,22:30,0.0,25.079473684210523,0.0,Idle,Charging (grid),0.0,23.82183517976592,0.0,Idle,Charging (grid),-1.2576385044446035
60,22:45,0.0,25.079473684210523,0.0,Idle,Charging (grid),0.0,23.82183517976592,0.0,Idle,Charging (grid),-1.2576385044446035
61,23:00,0.0,25.079473684210523,0.0,Idle,Charging (grid),0.0,23.82183517976592,0.0,Idle,Charging (grid),-1.2576385044446035
62,23:15,0.0,25.079473684210523,0.0,Idle,Charging (grid),0.0,23.82183517976592,0.0,Idle,Charging (grid),-1.2576385044446035
63,23:30,0.0,25.079473684210523,0.0,Idle,Charging (grid),0.0,23.82183517976592,0.0,Idle,Charging (grid),-1.2576385044446035
64,23:45,0.0,25.079473684210523,0.0,Idle,Charging (grid),0.0,23.82183517976592,0.0,Idle,Charging (grid),-1.2576385044446035
65,00:00,0.0,25.079473684210523,0.0,Idle,Charging (grid),0.0,23.82183517976592,0.0,Idle,Charging (grid),-1.2576385044446035
66,00:15,0.0,25.079473684210523,0.0,Idle,Charging (grid),0.0,23.82183517976592,0.0,Idle,Charging (grid),-1.2576385044446035
67,00:30,0.0,25.079473684210523,0.0,Idle,Charging (grid),0.0,23.82183517976592,0.0,Idle,Charging (grid),-1.2576385044446035
68,00:45,0.0,25.079473684210523,0.0,Idle,Charging (grid),0.0,23.82183517976592,0.0,Idle,Charging (grid),-1.2576385044446035
69,01:00,0.0,25.079473684210523,0.0,Idle,Charging (grid),0.0,23.82183517976592,0.0,Idle,Charging (grid),-1.2576385044446035
70,01:15,0.0,25.079473684210523,0.0,Idle,Charging (grid),0.0,23.82183517976592,0.0,Idle,Charging (grid),-1.2576385044446035
71,01:30,0.0,25.079473684210523,0.0,Idle,Charging (grid),0.0,23.82183517976592,0.0,Idle,Charging (grid),-1.2576385044446035
72,01:45,0.0,25.079473684210523,0.0,Idle,Charging (grid),0.0,23.82183517976592,0.0,Idle,Charging (grid),-1.2576385044446035
73,02:00,0.0,25.079473684210523,0.0,Idle,Charging (grid),0.0,23.82183517976592,0.0,Idle,Charging (grid),-1.2576385044446035
74,02:15,0.0,25.079473684210523,0.0,Idle,Charging (grid),0.0,23.82183517976592,0.0,Idle,Charging (grid),-1.2576385044446035
75,02:30,0.0,25.079473684210523,0.0,Idle,Charging (grid),0.0,23.82183517976592,0.0,Idle,Charging (grid),-1.2576385044446035
76,02:45,0.0,25.079473684210523,0.0,Idle,Charging (grid),0.0,23.82183517976592,0.0,Idle,Charging (grid),-1.2576385044446035
77,03:00,0.0,25.079473684210523,0.0,Idle,Charging (grid),0.0,23.82183517976592,0.0,Idle,Charging (grid),-1.2576385044446035
78,03:15,0.0,25.079473684210523,0.0,Idle,Charging (grid),0.0,23.82183517976592,0.0,Idle,Charging (grid),-1.2576385044446035
79,03:30,0.0,25.079473684210523,0.0,Idle,Charging (grid),0.0,23.82183517976592,0.0,Idle,Charging (grid),-1.2576385044446035
80,03:45,0.0,25.079473684210523,0.0,Idle,Charging (grid),0.0,23.82183517976592,0.0,Idle,Charging (grid),-1.2576385044446035
81,04:00,0.0,25.079473684210523,0.0,Idle,Charging (grid),0.0,23.82183517976592,0.0,Idle,Charging (grid),-1.2576385044446035
82,04:15,0.0,25.079473684210523,0.0,Idle,Charging (grid),0.0,23.82183517976592,0.0,Idle,Charging (grid),-1.2576385044446035
83,04:30,0.0,25.079473684210523,0.0,Idle,Charging (grid),0.0,23.82183517976592,0.0,Idle,Charging (grid),-1.2576385044446035
84,04:45,0.0,25.079473684210523,0.0,Idle,Charging (grid),0.0,23.82183517976592,0.0,Idle,Charging (grid),-1.2576385044446035
85,05:00,0.0,25.079473684210523,0.0,Idle,Charging (grid),0.0,23.82183517976592,0.0,Idle,Charging (grid),-1.2576385044446035
86,05:15,0.0,25.079473684210523,0.0,Idle,Charging (grid),0.0,23.82183517976592,0.0,Idle,Charging (grid),-1.2576385044446035
87,05:30,0.0,25.079473684210523,0.0,Idle,Charging (grid),0.0,23.82183517976592,0.0,Idle,Charging (grid),-1.2576385044446035
88,05:45,0.0,25.079473684210523,0.0,Idle,Charging (grid),0.0,23.82183517976592,0.0,Idle,Charging (grid),-1.2576385044446035
89,06:00,0.0,25.079473684210523,0.0,Idle,Charging (grid),0.0,23.82183517976592,0.0,Idle,Charging (grid),-1.2576385044446035
90,06:15,0.0,25.079473684210523,0.0,Idle,Charging (grid),0.0,23.82183517976592,0.0,Idle,Charging (grid),-1.2576385044446035
91,06:30,0.0,25.079473684210523,0.0,Idle,Charging (grid),0.0,23.82183517976592,0.0,Idle,Charging (grid),-1.2576385044446035
92,06:45,0.0,25.079473684210523,0.0,Idle,Charging (grid),0.0,23.82183517976592,0.0,Idle,Charging (grid),-1.2576385044446035
93,07:00,0.0,25.079473684210523,0.0,Idle,Charging (grid),0.0,23.82183517976592,0.0,Idle,Charging (grid),-1.2576385044446035
94,07:15,0.0,25.079473684210523,0.0,Idle,Charging (grid),0.0,23.82183517976592,0.0,Idle,Charging (grid),-1.2576385044446035
95,07:30,0.0,25.079473684210523,0.0,Idle,Charging (grid),0.0,23.82183517976592,0.0,Idle,Charging (grid),-1.2576385044446035
96,07:45,0.0,25.079473684210523,0.0,Idle,Charging (grid),0.0,23.82183517976592,0.0,Idle,Charging (grid),-1.2576385044446035
