replan_at,08:00,08:15,08:30,08:45,09:00,09:15,09:30,09:45,10:00,10:15,10:30,10:45,11:00,11:15,11:30,11:45,12:00,12:15,12:30,12:45,13:00,13:15,13:30,13:45,14:00,14:15,14:30,14:45,15:00,15:15,15:30,15:45,16:00,16:15,16:30,16:45,17:00,17:15,17:30,17:45,18:00,18:15,18:30,18:45,19:00,19:15,19:30,19:45,20:00,20:15,20:30,20:45,21:00,21:15,21:30,21:45,22:00,22:15,22:30,22:45,23:00,23:15,23:30,23:45,00:00,00:15,00:30,00:45,01:00,01:15,01:30,01:45,02:00,02:15,02:30,02:45,03:00,03:15,03:30,03:45,04:00,04:15,04:30,04:45,05:00,05:15,05:30,05:45,06:00,06:15,06:30,06:45,07:00,07:15,07:30,07:45
08:00,-0.0,0.0,0.0,0.0,0.0,0.0,0.0,0.0,0.0,0.0,0.0,0.0,-0.0,-0.0,-0.0,-0.0,-0.0,-0.0,-0.0,-0.0,-0.0,-0.0,-0.0,-0.0,-0.0,-0.0,-0.0,-0.0,-0.0,-0.0,-0.0,-0.0,-0.0,-0.0,-0.0,-0.0,-0.0,-0.0,-0.0,-0.0,-0.0,-0.0,-0.0,-0.0,-0.0,-0.0,-0.0,-0.0,-0.0,-0.0,-0.0,-0.0,3.037,3.037,3.037,3.037,3.037,3.037,3.037,3.037,3.037,3.037,3.037,3.037,3.037,3.037,3.037,3.037,3.037,3.037,3.037,3.037,3.037,3.037,3.037,3.037,3.037,3.037,3.037,3.037,3.037,3.037,3.037,3.037,3.037,3.037,3.037,3.037,3.037,3.037,3.037,3.037,3.037,3.037,3.037,3.037
08:15,-0.0,-0.0,-0.0,-0.0,-0.0,-0.0,-0.0,-0.0,-0.0,-0.0,-0.0,-0.0,-0.0,-0.0,-0.0,-0.0,-0.0,-0.0,-0.0,-0.0,-0.0,-0.0,-0.0,-0.0,-0.0,-0.0,-0.0,-0.0,-0.0,-0.0,-0.0,-0.0,-0.0,-0.0,-0.0,-0.0,-0.0,-0.0,-0.0,-0.0,-0.0,-0.0,-0.0,-0.0,-0.0,-0.0,-0.0,-0.0,-0.0,-0.0,-0.0,-0.0,2.945,2.945,2.945,2.945,2.945,2.945,2.945,2.945,2.945,2.945,2.945,2.945,2.945,2.945,2.945,2.945,2.945,2.945,2.945,2.945,2.945,2.945,2.945,2.945,2.945,2.945,2.945,2.945,2.945,2.945,2.945,2.945,2.945,2.945,2.945,2.945,2.945,2.945,2.945,2.945,2.945,2.945,2.945,2.945
08:30,-0.0,-0.0,0.0,0.0,-0.0,-0.0,-0.0,-0.0,-0.0,-0.0,-0.0,-0.0,-0.0,-0.0,-0.0,-0.0,-0.0,-0.0,-0.0,-0.0,-0.0,-0.0,-0.0,-0.0,-0.0,-0.0,-0.0,-0.0,-0.0,-0.0,-0.0,-0.0,-0.0,-0.0,-0.0,-0.0,-0.0,-0.0,-0.0,-0.0,-0.0,-0.0,-0.0,-0.0,-0.0,-0.0,-0.0,-0.0,-0.0,-0.0,-0.0,-0.0,2.896,2.896,2.896,2.896,2.896,2.896,2.896,2.896,2.896,2.896,2.896,2.896,2.896,2.896,2.896,2.896,2.896,2.896,2.896,2.896,2.896,2.896,2.896,2.896,2.896,2.896,2.896,2.896,2.896,2.896,2.896,2.896,2.896,2.896,2.896,2.896,2.896,2.896,2.896,2.896,2.896,2.896,2.896,2.896
08:45,-0.0,-0.0,0.0,0.0,0.0,0.0,0.0,0.0,0.0,0.0,0.0,0.0,0.0,0.0,0.0,0.0,0.0,0.0,0.0,0.0,0.0,0.0,0.0,0.0,0.0,0.0,0.0,0.0,0.0,0.0,0.0,0.0,0.0,0.0,0.0,-0.0,-0.0,-0.0,-0.0,-0.0,-0.0,-0.0,-0.0,-0.0,-0.0,-0.0,-0.0,-0.0,-0.0,-0.0,-0.0,-0.0,2.927,2.927,2.927,2.927,2.927,2.927,2.927,2.927,2.927,2.927,2.927,2.927,2.927,2.927,2.927,2.927,2.927,2.927,2.927,2.927,2.927,2.927,2.927,2.927,2.927,2.927,2.927,2.927,2.927,2.927,2.927,2.927,2.927,2.927,2.927,2.927,2.927,2.927,2.927,2.927,2.927,2.927,2.927,2.927
09:00,-0.0,-0.0,0.0,0.0,0.0,0.0,0.0,0.0,0.0,0.0,0.0,0.0,0.0,0.0,0.0,0.0,0.0,0.0,0.0,0.0,0.0,0.0,0.0,0.0,0.0,0.0,0.0,0.0,0.0,0.0,0.0,0.0,0.0,0.0,0.0,0.0,0.0,0.0,0.0,0.0,0.0,0.0,0.0,0.0,0.0,-0.0,-0.0,-0.0,-0.0,-0.0,-0.0,-0.0,2.963,2.963,2.963,2.963,2.963,2.963,2.963,2.963,2.963,2.963,2.963,2.963,2.963,2.963,2.963,2.963,2.963,2.963,2.963,2.963,2.963,2.963,2.963,2.963,2.963,2.963,2.963,2.963,2.963,2.963,2.963,2.963,2.963,2.963,2.963,2.963,2.963,2.963,2.963,2.963,2.963,2.963,2.963,2.963
09:15,-0.0,-0.0,0.0,0.0,0.0,0.0,0.0,0.0,0.0,0.0,0.0,0.0,0.0,0.0,0.0,0.0,0.0,0.0,0.0,0.0,0.0,0.0,0.0,0.0,0.0,0.0,0.0,0.0,0.0,0.0,0.0,0.0,0.0,0.0,0.0,0.0,0.0,0.0,0.0,0.0,0.0,0.0,0.0,0.0,-0.0,-0.0,-0.0,-0.0,-0.0,-0.0,-0.0,-0.0,2.904,2.904,2.904,2.904,2.904,2.904,2.904,2.904,2.904,2.904,2.904,2.904,2.904,2.904,2.904,2.904,2.904,2.904,2.904,2.904,2.904,2.904,2.904,2.904,2.904,2.904,2.904,2.904,2.904,2.904,2.904,2.904,2.904,2.904,2.904,2.904,2.904,2.904,2.904,2.904,2.904,2.904,2.904,2.904
09:30,-0.0,-0.0,0.0,0.0,0.0,0.0,0.0,0.0,-0.0,-0.0,-0.0,-0.0,-0.0,-0.0,-0.0,-0.0,-0.0,-0.0,-0.0,-0.0,-0.0,-0.0,-0.0,-0.0,-0.0,-0.0,-0.0,-0.0,-0.0,-0.0,-0.0,-0.0,-0.0,-0.0,-0.0,-0.0,-0.0,-0.0,-0.0,-0.0,-0.0,-0.0,-0.0,-0.0,-0.0,-0.0,-0.0,-0.0,-0.0,-0.0,-0.0,-0.0,2.852,2.852,2.852,2.852,2.852,2.852,2.852,2.852,2.852,2.852,2.852,2.852,2.852,2.852,2.852,2.852,2.852,2.852,2.852,2.852,2.852,2.852,2.852,2.852,2.852,2.852,2.852,2.852,2.852,2.852,2.852,2.852,2.852,2.852,2.852,2.852,2.852,2.852,2.852,2.852,2.852,2.852,2.852,2.852
09:45,-0.0,-0.0,0.0,0.0,0.0,0.0,0.0,0.0,0.0,0.0,0.0,0.0,0.0,0.0,0.0,0.0,0.0,0.0,0.0,0.0,0.0,0.0,0.0,0.0,0.0,0.0,0.0,0.0,0.0,0.0,0.0,0.0,0.0,0.0,0.0,0.0,0.0,0.0,0.0,0.0,-0.0,-0.0,-0.0,-0.0,-0.0,-0.0,-0.0,-0.0,-0.0,-0.0,-0.0,-0.0,2.888,2.888,2.888,2.888,2.888,2.888,2.888,2.888,2.888,2.888,2.888,2.888,2.888,2.888,2.888,2.888,2.888,2.888,2.888,2.888,2.888,2.888,2.888,2.888,2.888,2.888,2.888,2.888,2.888,2.888,2.888,2.888,2.888,2.888,2.888,2.888,2.888,2.888,2.888,2.888,2.888,2.888,2.888,2.888
10:00,-0.0,-0.0,0.0,0.0,0.0,0.0,0.0,0.0,0.0,0.0,0.0,0.0,0.0,0.0,0.0,0.0,0.0,0.0,0.0,0.0,0.0,0.0,0.0,0.0,0.0,0.0,0.0,0.0,0.0,0.0,0.0,0.0,0.0,0.0,0.0,0.0,0.0,0.0,0.0,0.0,0.0,0.0,-0.0,-0.0,-0.0,-0.0,-0.0,-0.0,-0.0,-0.0,-0.0,-0.0,2.836,2.836,2.836,2.836,2.836,2.836,2.836,2.836,2.836,2.836,2.836,2.836,2.836,2.836,2.836,2.836,2.836,2.836,2.836,2.836,2.836,2.836,2.836,2.836,2.836,2.836,2.836,2.836,2.836,2.836,2.836,2.836,2.836,2.836,2.836,2.836,2.836,2.836,2.836,2.836,2.836,2.836,2.836,2.836
10:15,-0.0,-0.0,0.0,0.0,0.0,0.0,0.0,0.0,0.0,0.0,0.0,0.0,0.0,0.0,0.0,0.0,0.0,0.0,0.0,0.0,0.0,0.0,0.0,0.0,0.0,0.0,0.0,0.0,0.0,0.0,0.0,0.0,0.0,0.0,0.0,0.0,0.0,0.0,0.0,0.0,0.0,0.0,0.0,-0.0,-0.0,-0.0,-0.0,-0.0,-0.0,-0.0,-0.0,-0.0,2.899,2.899,2.899,2.899,2.899,2.899,2.899,2.899,2.899,2.899,2.899,2.899,2.899,2.899,2.899,2.899,2.899,2.899,2.899,2.899,2.899,2.899,2.899,2.899,2.899,2.899,2.899,2.899,2.899,2.899,2.899,2.899,2.899,2.899,2.899,2.899,2.899,2.899,2.899,2.899,2.899,2.899,2.899,2.899
10:30,-0.0,-0.0,0.0,0.0,0.0,0.0,0.0,0.0,0.0,0.0,0.0,0.0,0.0,0.0,0.0,0.0,0.0,0.0,0.0,0.0,0.0,0.0,0.0,0.0,0.0,0.0,0.0,0.0,0.0,0.0,0.0,0.0,0.0,0.0,0.0,0.0,0.0,0.0,0.0,0.0,0.0,0.0,-0.0,-0.0,-0.0,-0.0,-0.0,-0.0,-0.0,-0.0,-0.0,-0.0,2.79,2.79,2.79,2.79,2.79,2.79,2.79,2.79,2.79,2.79,2.79,2.79,2.79,2.79,2.79,2.79,2.79,2.79,2.79,2.79,2.79,2.79,2.79,2.79,2.79,2.79,2.79,2.79,2.79,2.79,2.79,2.79,2.79,2.79,2.79,2.79,2.79,2.79,2.79,2.79,2.79,2.79,2.79,2.79
10:45,-0.0,-0.0,0.0,0.0,0.0,0.0,0.0,0.0,0.0,0.0,0.0,0.0,0.0,0.0,0.0,0.0,0.0,0.0,0.0,0.0,0.0,0.0,0.0,0.0,0.0,0.0,0.0,0.0,0.0,0.0,0.0,0.0,0.0,0.0,0.0,0.0,0.0,0.0,0.0,0.0,-0.0,-0.0,-0.0,-0.0,-0.0,-0.0,-0.0,-0.0,-0.0,-0.0,-0.0,-0.0,2.887,2.887,2.887,2.887,2.887,2.887,2.887,2.887,2.887,2.887,2.887,2.887,2.887,2.887,2.887,2.887,2.887,2.887,2.887,2.887,2.887,2.887,2.887,2.887,2.887,2.887,2.887,2.887,2.887,2.887,2.887,2.887,2.887,2.887,2.887,2.887,2.887,2.887,2.887,2.887,2.887,2.887,2.887,2.887
11:00,-0.0,-0.0,0.0,0.0,0.0,0.0,0.0,0.0,0.0,0.0,0.0,0.0,0.0,0.0,0.0,0.0,0.0,0.0,0.0,0.0,0.0,0.0,0.0,0.0,0.0,0.0,0.0,0.0,0.0,0.0,0.0,0.0,0.0,0.0,0.0,0.0,0.0,0.0,0.0,0.0,0.0,0.0,-0.0,-0.0,-0.0,-0.0,-0.0,-0.0,-0.0,-0.0,-0.0,-0.0,2.785,2.785,2.785,2.785,2.785,2.785,2.785,2.785,2.785,2.785,2.785,2.785,2.785,2.785,2.785,2.785,2.785,2.785,2.785,2.785,2.785,2.785,2.785,2.785,2.785,2.785,2.785,2.785,2.785,2.785,2.785,2.785,2.785,2.785,2.785,2.785,2.785,2.785,2.785,2.785,2.785,2.785,2.785,2.785
11:15,-0.0,-0.0,0.0,0.0,0.0,0.0,0.0,0.0,0.0,0.0,0.0,0.0,0.0,0.0,0.0,0.0,0.0,0.0,0.0,0.0,0.0,0.0,0.0,0.0,0.0,0.0,0.0,0.0,0.0,0.0,0.0,0.0,0.0,0.0,0.0,0.0,0.0,0.0,0.0,0.0,0.0,0.0,0.0,-0.0,-0.0,-0.0,-0.0,-0.0,-0.0,-0.0,-0.0,-0.0,2.901,2.901,2.901,2.901,2.901,2.901,2.901,2.901,2.901,2.901,2.901,2.901,2.901,2.901,2.901,2.901,2.901,2.901,2.901,2.901,2.901,2.901,2.901,2.901,2.901,2.901,2.901,2.901,2.901,2.901,2.901,2.901,2.901,2.901,2.901,2.901,2.901,2.901,2.901,2.901,2.901,2.901,2.901,2.901
11:30,-0.0,-0.0,0.0,0.0,0.0,0.0,0.0,0.0,0.0,0.0,0.0,0.0,0.0,0.0,0.0,0.0,0.0,0.0,0.0,0.0,0.0,0.0,0.0,0.0,0.0,0.0,0.0,0.0,0.0,0.0,0.0,0.0,0.0,0.0,0.0,0.0,0.0,0.0,0.0,0.0,0.0,0.0,0.0,-0.0,-0.0,-0.0,-0.0,-0.0,-0.0,-0.0,-0.0,-0.0,2.871,2.871,2.871,2.871,2.871,2.871,2.871,2.871,2.871,2.871,2.871,2.871,2.871,2.871,2.871,2.871,2.871,2.871,2.871,2.871,2.871,2.871,2.871,2.871,2.871,2.871,2.871,2.871,2.871,2.871,2.871,2.871,2.871,2.871,2.871,2.871,2.871,2.871,2.871,2.871,2.871,2.871,2.871,2.871
11:45,-0.0,-0.0,0.0,0.0,0.0,0.0,0.0,0.0,0.0,0.0,0.0,0.0,0.0,0.0,0.0,0.0,0.0,0.0,0.0,0.0,0.0,0.0,0.0,0.0,0.0,0.0,0.0,0.0,0.0,0.0,0.0,0.0,0.0,0.0,0.0,0.0,0.0,0.0,0.0,0.0,0.0,0.0,0.0,-0.0,-0.0,-0.0,-0.0,-0.0,-0.0,-0.0,-0.0,-0.0,2.905,2.905,2.905,2.905,2.905,2.905,2.905,2.905,2.905,2.905,2.905,2.905,2.905,2.905,2.905,2.905,2.905,2.905,2.905,2.905,2.905,2.905,2.905,2.905,2.905,2.905,2.905,2.905,2.905,2.905,2.905,2.905,2.905,2.905,2.905,2.905,2.905,2.905,2.905,2.905,2.905,2.905,2.905,2.905
12:00,-0.0,-0.0,0.0,0.0,0.0,0.0,0.0,0.0,0.0,0.0,0.0,0.0,0.0,0.0,0.0,0.0,0.0,0.0,0.0,0.0,0.0,0.0,0.0,0.0,0.0,0.0,0.0,0.0,0.0,0.0,0.0,0.0,0.0,0.0,0.0,0.0,0.0,0.0,0.0,0.0,0.0,0.0,-0.0,-0.0,-0.0,-0.0,-0.0,-0.0,-0.0,-0.0,-0.0,-0.0,2.889,2.889,2.889,2.889,2.889,2.889,2.889,2.889,2.889,2.889,2.889,2.889,2.889,2.889,2.889,2.889,2.889,2.889,2.889,2.889,2.889,2.889,2.889,2.889,2.889,2.889,2.889,2.889,2.889,2.889,2.889,2.889,2.889,2.889,2.889,2.889,2.889,2.889,2.889,2.889,2.889,2.889,2.889,2.889
12:15,-0.0,-0.0,0.0,0.0,0.0,0.0,0.0,0.0,0.0,0.0,0.0,0.0,0.0,0.0,0.0,0.0,0.0,0.0,-0.0,0.0,0.0,0.0,0.0,0.0,0.0,-0.0,0.0,-0.0,0.0,0.0,0.0,0.0,-0.0,-0.0,-0.0,-0.0,-0.0,-0.0,-0.0,0.0,0.0,0.0,-0.0,-0.0,-0.0,-0.0,-0.0,-0.0,-0.0,-0.0,-0.0,-0.0,2.885,2.885,2.885,2.885,2.885,2.885,2.885,2.885,2.885,2.885,2.885,2.885,2.885,2.885,2.885,2.885,2.885,2.885,2.885,2.885,2.885,2.885,2.885,2.885,2.885,2.885,2.885,2.885,2.885,2.885,2.885,2.885,2.885,2.885,2.885,2.885,2.885,2.885,2.885,2.885,2.885,2.885,2.885,2.885
12:30,-0.0,-0.0,0.0,0.0,0.0,0.0,0.0,0.0,0.0,0.0,0.0,0.0,0.0,0.0,0.0,0.0,0.0,0.0,0.0,0.0,0.0,0.0,0.0,0.0,0.0,0.0,0.0,0.0,0.0,0.0,0.0,0.0,0.0,0.0,0.0,0.0,0.0,0.0,0.0,-0.0,-0.0,-0.0,-0.0,-0.0,-0.0,-0.0,-0.0,-0.0,-0.0,-0.0,-0.0,-0.0,2.892,2.892,2.892,2.892,2.892,2.892,2.892,2.892,2.892,2.892,2.892,2.892,2.892,2.892,2.892,2.892,2.892,2.892,2.892,2.892,2.892,2.892,2.892,2.892,2.892,2.892,2.892,2.892,2.892,2.892,2.892,2.892,2.892,2.892,2.892,2.892,2.892,2.892,2.892,2.892,2.892,2.892,2.892,2.892
12:45,-0.0,-0.0,0.0,0.0,0.0,0.0,0.0,0.0,0.0,0.0,0.0,0.0,0.0,0.0,0.0,0.0,0.0,0.0,0.0,0.0,0.0,0.0,0.0,0.0,0.0,0.0,0.0,0.0,0.0,0.0,0.0,0.0,0.0,0.0,0.0,0.0,0.0,0.0,0.0,0.0,-0.0,-0.0,-0.0,-0.0,-0.0,-0.0,-0.0,-0.0,-0.0,-0.0,-0.0,-0.0,2.86,2.86,2.86,2.86,2.86,2.86,2.86,2.86,2.86,2.86,2.86,2.86,2.86,2.86,2.86,2.86,2.86,2.86,2.86,2.86,2.86,2.86,2.86,2.86,2.86,2.86,2.86,2.86,2.86,2.86,2.86,2.86,2.86,2.86,2.86,2.86,2.86,2.86,2.86,2.86,2.86,2.86,2.86,2.86
13:00,-0.0,-0.0,0.0,0.0,0.0,0.0,0.0,0.0,0.0,0.0,0.0,0.0,0.0,0.0,0.0,0.0,0.0,0.0,0.0,0.0,0.0,0.0,0.0,0.0,0.0,0.0,0.0,0.0,0.0,0.0,0.0,0.0,-0.0,-0.0,-0.0,-0.0,-0.0,-0.0,-0.0,-0.0,-0.0,-0.0,-0.0,-0.0,-0.0,-0.0,-0.0,-0.0,-0.0,-0.0,-0.0,-0.0,2.877,2.877,2.877,2.877,2.877,2.877,2.877,2.877,2.877,2.877,2.877,2.877,2.877,2.877,2.877,2.877,2.877,2.877,2.877,2.877,2.877,2.877,2.877,2.877,2.877,2.877,2.877,2.877,2.877,2.877,2.877,2.877,2.877,2.877,2.877,2.877,2.877,2.877,2.877,2.877,2.877,2.877,2.877,2.877
13:15,-0.0,-0.0,0.0,0.0,0.0,0.0,0.0,0.0,0.0,0.0,0.0,0.0,0.0,0.0,0.0,0.0,0.0,0.0,0.0,0.0,0.0,0.0,0.0,0.0,0.0,0.0,0.0,0.0,0.0,0.0,0.0,0.0,0.0,0.0,0.0,0.0,0.0,0.0,0.0,0.0,0.0,0.0,0.0,-0.0,-0.0,-0.0,-0.0,-0.0,-0.0,-0.0,-0.0,-0.0,2.897,2.897,2.897,2.897,2.897,2.897,2.897,2.897,2.897,2.897,2.897,2.897,2.897,2.897,2.897,2.897,2.897,2.897,2.897,2.897,2.897,2.897,2.897,2.897,2.897,2.897,2.897,2.897,2.897,2.897,2.897,2.897,2.897,2.897,2.897,2.897,2.897,2.897,2.897,2.897,2.897,2.897,2.897,2.897
13:30,-0.0,-0.0,0.0,0.0,0.0,0.0,0.0,0.0,0.0,0.0,0.0,0.0,0.0,0.0,0.0,0.0,0.0,0.0,0.0,0.0,0.0,0.0,0.0,0.0,0.0,0.0,0.0,0.0,0.0,0.0,0.0,0.0,0.0,0.0,0.0,0.0,0.0,0.0,0.0,0.0,0.0,-0.0,-0.0,-0.0,-0.0,-0.0,-0.0,-0.0,-0.0,-0.0,-0.0,-0.0,2.812,2.812,2.812,2.812,2.812,2.812,2.812,2.812,2.812,2.812,2.812,2.812,2.812,2.812,2.812,2.812,2.812,2.812,2.812,2.812,2.812,2.812,2.812,2.812,2.812,2.812,2.812,2.812,2.812,2.812,2.812,2.812,2.812,2.812,2.812,2.812,2.812,2.812,2.812,2.812,2.812,2.812,2.812,2.812
13:45,-0.0,-0.0,0.0,0.0,0.0,0.0,0.0,0.0,0.0,0.0,0.0,0.0,0.0,0.0,0.0,0.0,0.0,0.0,0.0,0.0,0.0,0.0,0.0,0.0,0.0,0.0,0.0,0.0,0.0,0.0,0.0,0.0,0.0,0.0,0.0,0.0,0.0,0.0,0.0,0.0,0.0,0.0,-0.0,-0.0,-0.0,-0.0,-0.0,-0.0,-0.0,-0.0,-0.0,-0.0,2.89,2.89,2.89,2.89,2.89,2.89,2.89,2.89,2.89,2.89,2.89,2.89,2.89,2.89,2.89,2.89,2.89,2.89,2.89,2.89,2.89,2.89,2.89,2.89,2.89,2.89,2.89,2.89,2.89,2.89,2.89,2.89,2.89,2.89,2.89,2.89,2.89,2.89,2.89,2.89,2.89,2.89,2.89,2.89
14:00,-0.0,-0.0,0.0,0.0,0.0,0.0,0.0,0.0,0.0,0.0,0.0,0.0,0.0,0.0,0.0,0.0,0.0,0.0,0.0,0.0,0.0,0.0,0.0,0.0,0.0,0.0,0.0,0.0,0.0,0.0,0.0,0.0,0.0,0.0,0.0,0.0,0.0,0.0,0.0,0.0,0.0,0.0,0.0,-0.0,-0.0,-0.0,-0.0,-0.0,-0.0,-0.0,-0.0,-0.0,2.853,2.853,2.853,2.853,2.853,2.853,2.853,2.853,2.853,2.853,2.853,2.853,2.853,2.853,2.853,2.853,2.853,2.853,2.853,2.853,2.853,2.853,2.853,2.853,2.853,2.853,2.853,2.853,2.853,2.853,2.853,2.853,2.853,2.853,2.853,2.853,2.853,2.853,2.853,2.853,2.853,2.853,2.853,2.853
14:15,-0.0,-0.0,0.0,0.0,0.0,0.0,0.0,0.0,0.0,0.0,0.0,0.0,0.0,0.0,0.0,0.0,0.0,0.0,0.0,0.0,0.0,0.0,0.0,0.0,0.0,0.0,0.0,0.0,0.0,0.0,0.0,0.0,0.0,0.0,0.0,0.0,0.0,0.0,0.0,0.0,0.0,-0.0,-0.0,-0.0,-0.0,-0.0,-0.0,-0.0,-0.0,-0.0,-0.0,-0.0,2.902,2.902,2.902,2.902,2.902,2.902,2.902,2.902,2.902,2.902,2.902,2.902,2.902,2.902,2.902,2.902,2.902,2.902,2.902,2.902,2.902,2.902,2.902,2.902,2.902,2.902,2.902,2.902,2.902,2.902,2.902,2.902,2.902,2.902,2.902,2.902,2.902,2.902,2.902,2.902,2.902,2.902,2.902,2.902
14:30,-0.0,-0.0,0.0,0.0,0.0,0.0,0.0,0.0,0.0,0.0,0.0,0.0,0.0,0.0,0.0,0.0,0.0,0.0,0.0,0.0,0.0,0.0,0.0,0.0,0.0,0.0,0.0,0.0,0.0,0.0,0.0,0.0,0.0,0.0,0.0,0.0,0.0,0.0,0.0,0.0,0.0,-0.0,-0.0,-0.0,-0.0,-0.0,-0.0,-0.0,-0.0,-0.0,-0.0,-0.0,2.841,2.841,2.841,2.841,2.841,2.841,2.841,2.841,2.841,2.841,2.841,2.841,2.841,2.841,2.841,2.841,2.841,2.841,2.841,2.841,2.841,2.841,2.841,2.841,2.841,2.841,2.841,2.841,2.841,2.841,2.841,2.841,2.841,2.841,2.841,2.841,2.841,2.841,2.841,2.841,2.841,2.841,2.841,2.841
14:45,-0.0,-0.0,0.0,0.0,0.0,0.0,0.0,0.0,0.0,0.0,0.0,0.0,0.0,0.0,0.0,0.0,0.0,0.0,0.0,0.0,0.0,0.0,0.0,0.0,0.0,0.0,0.0,0.0,0.0,0.0,0.0,0.0,0.0,0.0,0.0,0.0,0.0,0.0,0.0,0.0,0.0,0.0,-0.0,-0.0,-0.0,-0.0,-0.0,-0.0,-0.0,-0.0,-0.0,-0.0,2.877,2.877,2.877,2.877,2.877,2.877,2.877,2.877,2.877,2.877,2.877,2.877,2.877,2.877,2.877,2.877,2.877,2.877,2.877,2.877,2.877,2.877,2.877,2.877,2.877,2.877,2.877,2.877,2.877,2.877,2.877,2.877,2.877,2.877,2.877,2.877,2.877,2.877,2.877,2.877,2.877,2.877,2.877,2.877
15:00,-0.0,-0.0,0.0,0.0,0.0,0.0,0.0,0.0,0.0,0.0,0.0,0.0,0.0,0.0,0.0,0.0,0.0,0.0,0.0,0.0,0.0,0.0,0.0,0.0,0.0,0.0,0.0,0.0,0.0,0.0,0.0,0.0,0.0,0.0,0.0,0.0,0.0,0.0,0.0,0.0,-0.0,-0.0,-0.0,-0.0,-0.0,-0.0,-0.0,-0.0,-0.0,-0.0,-0.0,-0.0,2.901,2.901,2.901,2.901,2.901,2.901,2.901,2.901,2.901,2.901,2.901,2.901,2.901,2.901,2.901,2.901,2.901,2.901,2.901,2.901,2.901,2.901,2.901,2.901,2.901,2.901,2.901,2.901,2.901,2.901,2.901,2.901,2.901,2.901,2.901,2.901,2.901,2.901,2.901,2.901,2.901,2.901,2.901,2.901
15:15,-0.0,-0.0,0.0,0.0,0.0,0.0,0.0,0.0,0.0,0.0,0.0,0.0,0.0,0.0,0.0,0.0,0.0,0.0,0.0,0.0,0.0,0.0,0.0,0.0,0.0,0.0,0.0,0.0,0.0,0.0,0.0,0.0,0.0,0.0,0.0,0.0,0.0,0.0,0.0,0.0,-0.0,-0.0,-0.0,-0.0,-0.0,-0.0,-0.0,-0.0,-0.0,-0.0,-0.0,-0.0,2.819,2.819,2.819,2.819,2.819,2.819,2.819,2.819,2.819,2.819,2.819,2.819,2.819,2.819,2.819,2.819,2.819,2.819,2.819,2.819,2.819,2.819,2.819,2.819,2.819,2.819,2.819,2.819,2.819,2.819,2.819,2.819,2.819,2.819,2.819,2.819,2.819,2.819,2.819,2.819,2.819,2.819,2.819,2.819
15:30,-0.0,-0.0,0.0,0.0,0.0,0.0,0.0,0.0,0.0,0.0,0.0,0.0,0.0,0.0,0.0,0.0,0.0,0.0,0.0,0.0,0.0,0.0,0.0,0.0,0.0,0.0,0.0,0.0,0.0,0.0,0.0,0.0,0.0,0.0,0.0,0.0,0.0,-0.0,-0.0,-0.0,-0.0,-0.0,-0.0,-0.0,-0.0,-0.0,-0.0,-0.0,-0.0,-0.0,-0.0,-0.0,2.849,2.849,2.849,2.849,2.849,2.849,2.849,2.849,2.849,2.849,2.849,2.849,2.849,2.849,2.849,2.849,2.849,2.849,2.849,2.849,2.849,2.849,2.849,2.849,2.849,2.849,2.849,2.849,2.849,2.849,2.849,2.849,2.849,2.849,2.849,2.849,2.849,2.849,2.849,2.849,2.849,2.849,2.849,2.849
15:45,-0.0,-0.0,0.0,0.0,0.0,0.0,0.0,0.0,0.0,0.0,0.0,0.0,0.0,0.0,0.0,0.0,0.0,0.0,0.0,0.0,0.0,0.0,0.0,0.0,0.0,0.0,0.0,0.0,0.0,0.0,0.0,0.0,0.0,-0.0,-0.0,-0.0,-0.0,-0.0,-0.0,-0.0,-0.0,-0.0,-0.0,-0.0,-0.0,-0.0,-0.0,-0.0,-0.0,-0.0,-0.0,-0.0,2.838,2.838,2.838,2.838,2.838,2.838,2.838,2.838,2.838,2.838,2.838,2.838,2.838,2.838,2.838,2.838,2.838,2.838,2.838,2.838,2.838,2.838,2.838,2.838,2.838,2.838,2.838,2.838,2.838,2.838,2.838,2.838,2.838,2.838,2.838,2.838,2.838,2.838,2.838,2.838,2.838,2.838,2.838,2.838
16:00,-0.0,-0.0,0.0,0.0,0.0,0.0,0.0,0.0,0.0,0.0,0.0,0.0,0.0,0.0,0.0,0.0,0.0,0.0,0.0,0.0,0.0,0.0,0.0,0.0,0.0,0.0,0.0,0.0,0.0,0.0,0.0,0.0,0.0,0.0,0.0,0.0,0.0,0.0,0.0,0.0,0.0,-0.0,-0.0,-0.0,-0.0,-0.0,-0.0,-0.0,-0.0,-0.0,-0.0,-0.0,2.852,2.852,2.852,2.852,2.852,2.852,2.852,2.852,2.852,2.852,2.852,2.852,2.852,2.852,2.852,2.852,2.852,2.852,2.852,2.852,2.852,2.852,2.852,2.852,2.852,2.852,2.852,2.852,2.852,2.852,2.852,2.852,2.852,2.852,2.852,2.852,2.852,2.852,2.852,2.852,2.852,2.852,2.852,2.852
16:15,-0.0,-0.0,0.0,0.0,0.0,0.0,0.0,0.0,0.0,0.0,0.0,0.0,0.0,0.0,0.0,0.0,0.0,0.0,0.0,0.0,0.0,0.0,0.0,0.0,0.0,0.0,0.0,0.0,0.0,0.0,0.0,0.0,0.0,0.0,-0.0,-0.0,-0.0,-0.0,-0.0,-0.0,-0.0,-0.0,-0.0,-0.0,-0.0,-0.0,-0.0,-0.0,-0.0,-0.0,-0.0,-0.0,2.865,2.865,2.865,2.865,2.865,2.865,2.865,2.865,2.865,2.865,2.865,2.865,2.865,2.865,2.865,2.865,2.865,2.865,2.865,2.865,2.865,2.865,2.865,2.865,2.865,2.865,2.865,2.865,2.865,2.865,2.865,2.865,2.865,2.865,2.865,2.865,2.865,2.865,2.865,2.865,2.865,2.865,2.865,2.865
16:30,-0.0,-0.0,0.0,0.0,0.0,0.0,0.0,0.0,0.0,0.0,0.0,0.0,0.0,0.0,0.0,0.0,0.0,0.0,0.0,0.0,0.0,0.0,0.0,0.0,0.0,0.0,0.0,0.0,0.0,0.0,0.0,0.0,0.0,0.0,0.0,0.0,0.0,0.0,0.0,0.0,-0.0,-0.0,-0.0,-0.0,-0.0,-0.0,-0.0,-0.0,-0.0,-0.0,-0.0,-0.0,2.885,2.885,2.885,2.885,2.885,2.885,2.885,2.885,2.885,2.885,2.885,2.885,2.885,2.885,2.885,2.885,2.885,2.885,2.885,2.885,2.885,2.885,2.885,2.885,2.885,2.885,2.885,2.885,2.885,2.885,2.885,2.885,2.885,2.885,2.885,2.885,2.885,2.885,2.885,2.885,2.885,2.885,2.885,2.885
16:45,-0.0,-0.0,0.0,0.0,0.0,0.0,0.0,0.0,0.0,0.0,0.0,0.0,0.0,0.0,0.0,0.0,0.0,0.0,0.0,0.0,0.0,0.0,0.0,0.0,0.0,0.0,0.0,0.0,0.0,0.0,0.0,0.0,0.0,0.0,0.0,0.0,0.0,0.0,0.0,0.0,-0.0,-0.0,-0.0,-0.0,-0.0,-0.0,-0.0,-0.0,-0.0,-0.0,-0.0,-0.0,2.877,2.877,2.877,2.877,2.877,2.877,2.877,2.877,2.877,2.877,2.877,2.877,2.877,2.877,2.877,2.877,2.877,2.877,2.877,2.877,2.877,2.877,2.877,2.877,2.877,2.877,2.877,2.877,2.877,2.877,2.877,2.877,2.877,2.877,2.877,2.877,2.877,2.877,2.877,2.877,2.877,2.877,2.877,2.877
17:00,-0.0,-0.0,0.0,0.0,0.0,0.0,0.0,0.0,0.0,0.0,0.0,0.0,0.0,0.0,0.0,0.0,0.0,0.0,0.0,0.0,0.0,0.0,0.0,0.0,0.0,0.0,0.0,0.0,0.0,0.0,0.0,0.0,0.0,0.0,0.0,0.0,0.0,0.0,0.0,0.0,0.0,0.0,-0.0,-0.0,-0.0,-0.0,-0.0,-0.0,-0.0,-0.0,-0.0,-0.0,2.876,2.876,2.876,2.876,2.876,2.876,2.876,2.876,2.876,2.876,2.876,2.876,2.876,2.876,2.876,2.876,2.876,2.876,2.876,2.876,2.876,2.876,2.876,2.876,2.876,2.876,2.876,2.876,2.876,2.876,2.876,2.876,2.876,2.876,2.876,2.876,2.876,2.876,2.876,2.876,2.876,2.876,2.876,2.876
17:15,-0.0,-0.0,0.0,0.0,0.0,0.0,0.0,0.0,0.0,0.0,0.0,0.0,0.0,0.0,0.0,0.0,0.0,0.0,0.0,0.0,0.0,0.0,0.0,0.0,0.0,0.0,0.0,0.0,0.0,0.0,0.0,0.0,0.0,0.0,0.0,0.0,0.0,0.0,0.0,0.0,-0.0,-0.0,-0.0,-0.0,-0.0,-0.0,-0.0,-0.0,-0.0,-0.0,-0.0,-0.0,2.876,2.876,2.876,2.876,2.876,2.876,2.876,2.876,2.876,2.876,2.876,2.876,2.876,2.876,2.876,2.876,2.876,2.876,2.876,2.876,2.876,2.876,2.876,2.876,2.876,2.876,2.876,2.876,2.876,2.876,2.876,2.876,2.876,2.876,2.876,2.876,2.876,2.876,2.876,2.876,2.876,2.876,2.876,2.876
17:30,-0.0,-0.0,0.0,0.0,0.0,0.0,0.0,0.0,0.0,0.0,0.0,0.0,0.0,0.0,0.0,0.0,0.0,0.0,0.0,0.0,0.0,0.0,0.0,0.0,0.0,0.0,0.0,0.0,0.0,0.0,0.0,0.0,0.0,0.0,0.0,0.0,0.0,0.0,0.0,0.0,-0.0,-0.0,-0.0,-0.0,-0.0,-0.0,-0.0,-0.0,-0.0,-0.0,-0.0,-0.0,2.876,2.876,2.876,2.876,2.876,2.876,2.876,2.876,2.876,2.876,2.876,2.876,2.876,2.876,2.876,2.876,2.876,2.876,2.876,2.876,2.876,2.876,2.876,2.876,2.876,2.876,2.876,2.876,2.876,2.876,2.876,2.876,2.876,2.876,2.876,2.876,2.876,2.876,2.876,2.876,2.876,2.876,2.876,2.876
17:45,-0.0,-0.0,0.0,0.0,0.0,0.0,0.0,0.0,0.0,0.0,0.0,0.0,0.0,0.0,0.0,0.0,0.0,0.0,0.0,0.0,0.0,0.0,0.0,0.0,0.0,0.0,0.0,0.0,0.0,0.0,0.0,0.0,0.0,0.0,0.0,0.0,0.0,0.0,0.0,0.0,-0.0,-0.0,-0.0,-0.0,-0.0,-0.0,-0.0,-0.0,-0.0,-0.0,-0.0,-0.0,2.876,2.876,2.876,2.876,2.876,2.876,2.876,2.876,2.876,2.876,2.876,2.876,2.876,2.876,2.876,2.876,2.876,2.876,2.876,2.876,2.876,2.876,2.876,2.876,2.876,2.876,2.876,2.876,2.876,2.876,2.876,2.876,2.876,2.876,2.876,2.876,2.876,2.876,2.876,2.876,2.876,2.876,2.876,2.876
18:00,-0.0,-0.0,0.0,0.0,0.0,0.0,0.0,0.0,0.0,0.0,0.0,0.0,0.0,0.0,0.0,0.0,0.0,0.0,0.0,0.0,0.0,0.0,0.0,0.0,0.0,0.0,0.0,0.0,0.0,0.0,0.0,0.0,0.0,0.0,0.0,0.0,0.0,0.0,0.0,0.0,-0.0,-0.0,-0.0,-0.0,-0.0,-0.0,-0.0,-0.0,-0.0,-0.0,-0.0,-0.0,2.876,2.876,2.876,2.876,2.876,2.876,2.876,2.876,2.876,2.876,2.876,2.876,2.876,2.876,2.876,2.876,2.876,2.876,2.876,2.876,2.876,2.876,2.876,2.876,2.876,2.876,2.876,2.876,2.876,2.876,2.876,2.876,2.876,2.876,2.876,2.876,2.876,2.876,2.876,2.876,2.876,2.876,2.876,2.876
18:15,-0.0,-0.0,0.0,0.0,0.0,0.0,0.0,0.0,0.0,0.0,0.0,0.0,0.0,0.0,0.0,0.0,0.0,0.0,0.0,0.0,0.0,0.0,0.0,0.0,0.0,0.0,0.0,0.0,0.0,0.0,0.0,0.0,0.0,0.0,0.0,0.0,0.0,0.0,0.0,0.0,-0.0,-0.0,-0.0,-0.0,-0.0,-0.0,-0.0,-0.0,-0.0,-0.0,-0.0,-0.0,2.876,2.876,2.876,2.876,2.876,2.876,2.876,2.876,2.876,2.876,2.876,2.876,2.876,2.876,2.876,2.876,2.876,2.876,2.876,2.876,2.876,2.876,2.876,2.876,2.876,2.876,2.876,2.876,2.876,2.876,2.876,2.876,2.876,2.876,2.876,2.876,2.876,2.876,2.876,2.876,2.876,2.876,2.876,2.876
18:30,-0.0,-0.0,0.0,0.0,0.0,0.0,0.0,0.0,0.0,0.0,0.0,0.0,0.0,0.0,0.0,0.0,0.0,0.0,0.0,0.0,0.0,0.0,0.0,0.0,0.0,0.0,0.0,0.0,0.0,0.0,0.0,0.0,0.0,0.0,0.0,0.0,0.0,0.0,0.0,0.0,-0.0,-0.0,-0.0,-0.0,-0.0,-0.0,-0.0,-0.0,-0.0,-0.0,-0.0,-0.0,2.876,2.876,2.876,2.876,2.876,2.876,2.876,2.876,2.876,2.876,2.876,2.876,2.876,2.876,2.876,2.876,2.876,2.876,2.876,2.876,2.876,2.876,2.876,2.876,2.876,2.876,2.876,2.876,2.876,2.876,2.876,2.876,2.876,2.876,2.876,2.876,2.876,2.876,2.876,2.876,2.876,2.876,2.876,2.876
18:45,-0.0,-0.0,0.0,0.0,0.0,0.0,0.0,0.0,0.0,0.0,0.0,0.0,0.0,0.0,0.0,0.0,0.0,0.0,0.0,0.0,0.0,0.0,0.0,0.0,0.0,0.0,0.0,0.0,0.0,0.0,0.0,0.0,0.0,0.0,0.0,0.0,0.0,0.0,0.0,0.0,-0.0,-0.0,-0.0,-0.0,-0.0,-0.0,-0.0,-0.0,-0.0,-0.0,-0.0,-0.0,2.876,2.876,2.876,2.876,2.876,2.876,2.876,2.876,2.876,2.876,2.876,2.876,2.876,2.876,2.876,2.876,2.876,2.876,2.876,2.876,2.876,2.876,2.876,2.876,2.876,2.876,2.876,2.876,2.876,2.876,2.876,2.876,2.876,2.876,2.876,2.876,2.876,2.876,2.876,2.876,2.876,2.876,2.876,2.876
19:00,-0.0,-0.0,0.0,0.0,0.0,0.0,0.0,0.0,0.0,0.0,0.0,0.0,0.0,0.0,0.0,0.0,0.0,0.0,0.0,0.0,0.0,0.0,0.0,0.0,0.0,0.0,0.0,0.0,0.0,0.0,0.0,0.0,0.0,0.0,0.0,0.0,0.0,0.0,0.0,0.0,-0.0,-0.0,-0.0,-0.0,-0.0,-0.0,-0.0,-0.0,-0.0,-0.0,-0.0,-0.0,2.876,2.876,2.876,2.876,2.876,2.876,2.876,2.876,2.876,2.876,2.876,2.876,2.876,2.876,2.876,2.876,2.876,2.876,2.876,2.876,2.876,2.876,2.876,2.876,2.876,2.876,2.876,2.876,2.876,2.876,2.876,2.876,2.876,2.876,2.876,2.876,2.876,2.876,2.876,2.876,2.876,2.876,2.876,2.876
19:15,-0.0,-0.0,0.0,0.0,0.0,0.0,0.0,0.0,0.0,0.0,0.0,0.0,0.0,0.0,0.0,0.0,0.0,0.0,0.0,0.0,0.0,0.0,0.0,0.0,0.0,0.0,0.0,0.0,0.0,0.0,0.0,0.0,0.0,0.0,0.0,0.0,0.0,0.0,0.0,0.0,-0.0,-0.0,-0.0,-0.0,-0.0,-0.0,-0.0,-0.0,-0.0,-0.0,-0.0,-0.0,2.876,2.876,2.876,2.876,2.876,2.876,2.876,2.876,2.876,2.876,2.876,2.876,2.876,2.876,2.876,2.876,2.876,2.876,2.876,2.876,2.876,2.876,2.876,2.876,2.876,2.876,2.876,2.876,2.876,2.876,2.876,2.876,2.876,2.876,2.876,2.876,2.876,2.876,2.876,2.876,2.876,2.876,2.876,2.876
19:30,-0.0,-0.0,0.0,0.0,0.0,0.0,0.0,0.0,0.0,0.0,0.0,0.0,0.0,0.0,0.0,0.0,0.0,0.0,0.0,0.0,0.0,0.0,0.0,0.0,0.0,0.0,0.0,0.0,0.0,0.0,0.0,0.0,0.0,0.0,0.0,0.0,0.0,0.0,0.0,0.0,-0.0,-0.0,-0.0,-0.0,-0.0,-0.0,-0.0,-0.0,-0.0,-0.0,-0.0,-0.0,2.876,2.876,2.876,2.876,2.876,2.876,2.876,2.876,2.876,2.876,2.876,2.876,2.876,2.876,2.876,2.876,2.876,2.876,2.876,2.876,2.876,2.876,2.876,2.876,2.876,2.876,2.876,2.876,2.876,2.876,2.876,2.876,2.876,2.876,2.876,2.876,2.876,2.876,2.876,2.876,2.876,2.876,2.876,2.876
19:45,-0.0,-0.0,0.0,0.0,0.0,0.0,0.0,0.0,0.0,0.0,0.0,0.0,0.0,0.0,0.0,0.0,0.0,0.0,0.0,0.0,0.0,0.0,0.0,0.0,0.0,0.0,0.0,0.0,0.0,0.0,0.0,0.0,0.0,0.0,0.0,0.0,0.0,0.0,0.0,0.0,-0.0,-0.0,-0.0,-0.0,-0.0,-0.0,-0.0,-0.0,-0.0,-0.0,-0.0,-0.0,2.876,2.876,2.876,2.876,2.876,2.876,2.876,2.876,2.876,2.876,2.876,2.876,2.876,2.876,2.876,2.876,2.876,2.876,2.876,2.876,2.876,2.876,2.876,2.876,2.876,2.876,2.876,2.876,2.876,2.876,2.876,2.876,2.876,2.876,2.876,2.876,2.876,2.876,2.876,2.876,2.876,2.876,2.876,2.876
20:00,-0.0,-0.0,0.0,0.0,0.0,0.0,0.0,0.0,0.0,0.0,0.0,0.0,0.0,0.0,0.0,0.0,0.0,0.0,0.0,0.0,0.0,0.0,0.0,0.0,0.0,0.0,0.0,0.0,0.0,0.0,0.0,0.0,0.0,0.0,0.0,0.0,0.0,0.0,0.0,0.0,-0.0,-0.0,-0.0,-0.0,-0.0,-0.0,-0.0,-0.0,-0.0,-0.0,-0.0,-0.0,2.876,2.876,2.876,2.876,2.876,2.876,2.876,2.876,2.876,2.876,2.876,2.876,2.876,2.876,2.876,2.876,2.876,2.876,2.876,2.876,2.876,2.876,2.876,2.876,2.876,2.876,2.876,2.876,2.876,2.876,2.876,2.876,2.876,2.876,2.876,2.876,2.876,2.876,2.876,2.876,2.876,2.876,2.876,2.876
20:15,-0.0,-0.0,0.0,0.0,0.0,0.0,0.0,0.0,0.0,0.0,0.0,0.0,0.0,0.0,0.0,0.0,0.0,0.0,0.0,0.0,0.0,0.0,0.0,0.0,0.0,0.0,0.0,0.0,0.0,0.0,0.0,0.0,0.0,0.0,0.0,0.0,0.0,0.0,0.0,0.0,-0.0,-0.0,-0.0,-0.0,-0.0,-0.0,-0.0,-0.0,-0.0,-0.0,-0.0,-0.0,2.876,2.876,2.876,2.876,2.876,2.876,2.876,2.876,2.876,2.876,2.876,2.876,2.876,2.876,2.876,2.876,2.876,2.876,2.876,2.876,2.876,2.876,2.876,2.876,2.876,2.876,2.876,2.876,2.876,2.876,2.876,2.876,2.876,2.876,2.876,2.876,2.876,2.876,2.876,2.876,2.876,2.876,2.876,2.876
20:30,-0.0,-0.0,0.0,0.0,0.0,0.0,0.0,0.0,0.0,0.0,0.0,0.0,0.0,0.0,0.0,0.0,0.0,0.0,0.0,0.0,0.0,0.0,0.0,0.0,0.0,0.0,0.0,0.0,0.0,0.0,0.0,0.0,0.0,0.0,0.0,0.0,0.0,0.0,0.0,0.0,-0.0,-0.0,-0.0,-0.0,-0.0,-0.0,-0.0,-0.0,-0.0,-0.0,-0.0,-0.0,2.876,2.876,2.876,2.876,2.876,2.876,2.876,2.876,2.876,2.876,2.876,2.876,2.876,2.876,2.876,2.876,2.876,2.876,2.876,2.876,2.876,2.876,2.876,2.876,2.876,2.876,2.876,2.876,2.876,2.876,2.876,2.876,2.876,2.876,2.876,2.876,2.876,2.876,2.876,2.876,2.876,2.876,2.876,2.876
20:45,-0.0,-0.0,0.0,0.0,0.0,0.0,0.0,0.0,0.0,0.0,0.0,0.0,0.0,0.0,0.0,0.0,0.0,0.0,0.0,0.0,0.0,0.0,0.0,0.0,0.0,0.0,0.0,0.0,0.0,0.0,0.0,0.0,0.0,0.0,0.0,0.0,0.0,0.0,0.0,0.0,-0.0,-0.0,-0.0,-0.0,-0.0,-0.0,-0.0,-0.0,-0.0,-0.0,-0.0,0.0,2.876,2.876,2.876,2.876,2.876,2.876,2.876,2.876,2.876,2.876,2.876,2.876,2.876,2.876,2.876,2.876,2.876,2.876,2.876,2.876,2.876,2.876,2.876,2.876,2.876,2.876,2.876,2.876,2.876,2.876,2.876,2.876,2.876,2.876,2.876,2.876,2.876,2.876,2.876,2.876,2.876,2.876,2.876,2.876
21:00,-0.0,-0.0,0.0,0.0,0.0,0.0,0.0,0.0,0.0,0.0,0.0,0.0,0.0,0.0,0.0,0.0,0.0,0.0,0.0,0.0,0.0,0.0,0.0,0.0,0.0,0.0,0.0,0.0,0.0,0.0,0.0,0.0,0.0,0.0,0.0,0.0,0.0,0.0,0.0,0.0,-0.0,-0.0,-0.0,-0.0,-0.0,-0.0,-0.0,-0.0,-0.0,-0.0,-0.0,0.0,2.876,2.876,2.876,2.876,2.876,2.876,2.876,2.876,2.876,2.876,2.876,2.876,2.876,2.876,2.876,2.876,2.876,2.876,2.876,2.876,2.876,2.876,2.876,2.876,2.876,2.876,2.876,2.876,2.876,2.876,2.876,2.876,2.876,2.876,2.876,2.876,2.876,2.876,2.876,2.876,2.876,2.876,2.876,2.876
21:15,-0.0,-0.0,0.0,0.0,0.0,0.0,0.0,0.0,0.0,0.0,0.0,0.0,0.0,0.0,0.0,0.0,0.0,0.0,0.0,0.0,0.0,0.0,0.0,0.0,0.0,0.0,0.0,0.0,0.0,0.0,0.0,0.0,0.0,0.0,0.0,0.0,0.0,0.0,0.0,0.0,-0.0,-0.0,-0.0,-0.0,-0.0,-0.0,-0.0,-0.0,-0.0,-0.0,-0.0,0.0,2.876,2.876,2.876,2.876,2.876,2.876,2.876,2.876,2.876,2.876,2.876,2.876,2.876,2.876,2.876,2.876,2.876,2.876,2.876,2.876,2.876,2.876,2.876,2.876,2.876,2.876,2.876,2.876,2.876,2.876,2.876,2.876,2.876,2.876,2.876,2.876,2.876,2.876,2.876,2.876,2.876,2.876,2.876,2.876
21:30,-0.0,-0.0,0.0,0.0,0.0,0.0,0.0,0.0,0.0,0.0,0.0,0.0,0.0,0.0,0.0,0.0,0.0,0.0,0.0,0.0,0.0,0.0,0.0,0.0,0.0,0.0,0.0,0.0,0.0,0.0,0.0,0.0,0.0,0.0,0.0,0.0,0.0,0.0,0.0,0.0,-0.0,-0.0,-0.0,-0.0,-0.0,-0.0,-0.0,-0.0,-0.0,-0.0,-0.0,0.0,2.876,2.876,2.876,2.876,2.876,2.876,2.876,2.876,2.876,2.876,2.876,2.876,2.876,2.876,2.876,2.876,2.876,2.876,2.876,2.876,2.876,2.876,2.876,2.876,2.876,2.876,2.876,2.876,2.876,2.876,2.876,2.876,2.876,2.876,2.876,2.876,2.876,2.876,2.876,2.876,2.876,2.876,2.876,2.876
21:45,-0.0,-0.0,0.0,0.0,0.0,0.0,0.0,0.0,0.0,0.0,0.0,0.0,0.0,0.0,0.0,0.0,0.0,0.0,0.0,0.0,0.0,0.0,0.0,0.0,0.0,0.0,0.0,0.0,0.0,0.0,0.0,0.0,0.0,0.0,0.0,0.0,0.0,0.0,0.0,0.0,-0.0,-0.0,-0.0,-0.0,-0.0,-0.0,-0.0,-0.0,-0.0,-0.0,-0.0,0.0,2.876,2.876,2.876,2.876,2.876,2.876,2.876,2.876,2.876,2.876,2.876,2.876,2.876,2.876,2.876,2.876,2.876,2.876,2.876,2.876,2.876,2.876,2.876,2.876,2.876,2.876,2.876,2.876,2.876,2.876,2.876,2.876,2.876,2.876,2.876,2.876,2.876,2.876,2.876,2.876,2.876,2.876,2.876,2.876
22:00,-0.0,-0.0,0.0,0.0,0.0,0.0,0.0,0.0,0.0,0.0,0.0,0.0,0.0,0.0,0.0,0.0,0.0,0.0,0.0,0.0,0.0,0.0,0.0,0.0,0.0,0.0,0.0,0.0,0.0,0.0,0.0,0.0,0.0,0.0,0.0,0.0,0.0,0.0,0.0,0.0,-0.0,-0.0,-0.0,-0.0,-0.0,-0.0,-0.0,-0.0,-0.0,-0.0,-0.0,0.0,2.876,2.876,2.876,2.876,2.876,2.876,2.876,2.876,2.876,2.876,2.876,2.876,2.876,2.876,2.876,2.876,2.876,2.876,2.876,2.876,2.876,2.876,2.876,2.876,2.876,2.876,2.876,2.876,2.876,2.876,2.876,2.876,2.876,2.876,2.876,2.876,2.876,2.876,2.876,2.876,2.876,2.876,2.876,2.876
22:15,-0.0,-0.0,0.0,0.0,0.0,0.0,0.0,0.0,0.0,0.0,0.0,0.0,0.0,0.0,0.0,0.0,0.0,0.0,0.0,0.0,0.0,0.0,0.0,0.0,0.0,0.0,0.0,0.0,0.0,0.0,0.0,0.0,0.0,0.0,0.0,0.0,0.0,0.0,0.0,0.0,-0.0,-0.0,-0.0,-0.0,-0.0,-0.0,-0.0,-0.0,-0.0,-0.0,-0.0,0.0,2.876,2.876,2.876,2.876,2.876,2.876,2.876,2.876,2.876,2.876,2.876,2.876,2.876,2.876,2.876,2.876,2.876,2.876,2.876,2.876,2.876,2.876,2.876,2.876,2.876,2.876,2.876,2.876,2.876,2.876,2.876,2.876,2.876,2.876,2.876,2.876,2.876,2.876,2.876,2.876,2.876,2.876,2.876,2.876
22:30,-0.0,-0.0,0.0,0.0,0.0,0.0,0.0,0.0,0.0,0.0,0.0,0.0,0.0,0.0,0.0,0.0,0.0,0.0,0.0,0.0,0.0,0.0,0.0,0.0,0.0,0.0,0.0,0.0,0.0,0.0,0.0,0.0,0.0,0.0,0.0,0.0,0.0,0.0,0.0,0.0,-0.0,-0.0,-0.0,-0.0,-0.0,-0.0,-0.0,-0.0,-0.0,-0.0,-0.0,0.0,2.876,2.876,2.876,2.876,2.876,2.876,2.876,2.876,2.876,2.876,2.876,2.876,2.876,2.876,2.876,2.876,2.876,2.876,2.876,2.876,2.876,2.876,2.876,2.876,2.876,2.876,2.876,2.876,2.876,2.876,2.876,2.876,2.876,2.876,2.876,2.876,2.876,2.876,2.876,2.876,2.876,2.876,2.876,2.876
22:45,-0.0,-0.0,0.0,0.0,0.0,0.0,0.0,0.0,0.0,0.0,0.0,0.0,0.0,0.0,0.0,0.0,0.0,0.0,0.0,0.0,0.0,0.0,0.0,0.0,0.0,0.0,0.0,0.0,0.0,0.0,0.0,0.0,0.0,0.0,0.0,0.0,0.0,0.0,0.0,0.0,-0.0,-0.0,-0.0,-0.0,-0.0,-0.0,-0.0,-0.0,-0.0,-0.0,-0.0,0.0,2.876,2.876,2.876,2.876,2.876,2.876,2.876,2.876,2.876,2.876,2.876,2.876,2.876,2.876,2.876,2.876,2.876,2.876,2.876,2.876,2.876,2.876,2.876,2.876,2.876,2.876,2.876,2.876,2.876,2.876,2.876,2.876,2.876,2.876,2.876,2.876,2.876,2.876,2.876,2.876,2.876,2.876,2.876,2.876
23:00,-0.0,-0.0,0.0,0.0,0.0,0.0,0.0,0.0,0.0,0.0,0.0,0.0,0.0,0.0,0.0,0.0,0.0,0.0,0.0,0.0,0.0,0.0,0.0,0.0,0.0,0.0,0.0,0.0,0.0,0.0,0.0,0.0,0.0,0.0,0.0,0.0,0.0,0.0,0.0,0.0,-0.0,-0.0,-0.0,-0.0,-0.0,-0.0,-0.0,-0.0,-0.0,-0.0,-0.0,0.0,2.876,2.876,2.876,2.876,2.876,2.876,2.876,2.876,2.876,2.876,2.876,2.876,2.876,2.876,2.876,2.876,2.876,2.876,2.876,2.876,2.876,2.876,2.876,2.876,2.876,2.876,2.876,2.876,2.876,2.876,2.876,2.876,2.876,2.876,2.876,2.876,2.876,2.876,2.876,2.876,2.876,2.876,2.876,2.876
23:15,-0.0,-0.0,0.0,0.0,0.0,0.0,0.0,0.0,0.0,0.0,0.0,0.0,0.0,0.0,0.0,0.0,0.0,0.0,0.0,0.0,0.0,0.0,0.0,0.0,0.0,0.0,0.0,0.0,0.0,0.0,0.0,0.0,0.0,0.0,0.0,0.0,0.0,0.0,0.0,0.0,-0.0,-0.0,-0.0,-0.0,-0.0,-0.0,-0.0,-0.0,-0.0,-0.0,-0.0,0.0,2.876,2.876,2.876,2.876,2.876,2.876,2.876,2.876,2.876,2.876,2.876,2.876,2.876,2.876,2.876,2.876,2.876,2.876,2.876,2.876,2.876,2.876,2.876,2.876,2.876,2.876,2.876,2.876,2.876,2.876,2.876,2.876,2.876,2.876,2.876,2.876,2.876,2.876,2.876,2.876,2.876,2.876,2.876,2.876
23:30,-0.0,-0.0,0.0,0.0,0.0,0.0,0.0,0.0,0.0,0.0,0.0,0.0,0.0,0.0,0.0,0.0,0.0,0.0,0.0,0.0,0.0,0.0,0.0,0.0,0.0,0.0,0.0,0.0,0.0,0.0,0.0,0.0,0.0,0.0,0.0,0.0,0.0,0.0,0.0,0.0,-0.0,-0.0,-0.0,-0.0,-0.0,-0.0,-0.0,-0.0,-0.0,-0.0,-0.0,0.0,2.876,2.876,2.876,2.876,2.876,2.876,2.876,2.876,2.876,2.876,2.876,2.876,2.876,2.876,2.876,2.876,2.876,2.876,2.876,2.876,2.876,2.876,2.876,2.876,2.876,2.876,2.876,2.876,2.876,2.876,2.876,2.876,2.876,2.876,2.876,2.876,2.876,2.876,2.876,2.876,2.876,2.876,2.876,2.876
23:45,-0.0,-0.0,0.0,0.0,0.0,0.0,0.0,0.0,0.0,0.0,0.0,0.0,0.0,0.0,0.0,0.0,0.0,0.0,0.0,0.0,0.0,0.0,0.0,0.0,0.0,0.0,0.0,0.0,0.0,0.0,0.0,0.0,0.0,0.0,0.0,0.0,0.0,0.0,0.0,0.0,-0.0,-0.0,-0.0,-0.0,-0.0,-0.0,-0.0,-0.0,-0.0,-0.0,-0.0,0.0,2.876,2.876,2.876,2.876,2.876,2.876,2.876,2.876,2.876,2.876,2.876,2.876,2.876,2.876,2.876,2.876,2.876,2.876,2.876,2.876,2.876,2.876,2.876,2.876,2.876,2.876,2.876,2.876,2.876,2.876,2.876,2.876,2.876,2.876,2.876,2.876,2.876,2.876,2.876,2.876,2.876,2.876,2.876,2.876
00:00,-0.0,-0.0,0.0,0.0,0.0,0.0,0.0,0.0,0.0,0.0,0.0,0.0,0.0,0.0,0.0,0.0,0.0,0.0,0.0,0.0,0.0,0.0,0.0,0.0,0.0,0.0,0.0,0.0,0.0,0.0,0.0,0.0,0.0,0.0,0.0,0.0,0.0,0.0,0.0,0.0,-0.0,-0.0,-0.0,-0.0,-0.0,-0.0,-0.0,-0.0,-0.0,-0.0,-0.0,0.0,2.876,2.876,2.876,2.876,2.876,2.876,2.876,2.876,2.876,2.876,2.876,2.876,2.876,2.876,2.876,2.876,2.876,2.876,2.876,2.876,2.876,2.876,2.876,2.876,2.876,2.876,2.876,2.876,2.876,2.876,2.876,2.876,2.876,2.876,2.876,2.876,2.876,2.876,2.876,2.876,2.876,2.876,2.876,2.876
00:15,-0.0,-0.0,0.0,0.0,0.0,0.0,0.0,0.0,0.0,0.0,0.0,0.0,0.0,0.0,0.0,0.0,0.0,0.0,0.0,0.0,0.0,0.0,0.0,0.0,0.0,0.0,0.0,0.0,0.0,0.0,0.0,0.0,0.0,0.0,0.0,0.0,0.0,0.0,0.0,0.0,-0.0,-0.0,-0.0,-0.0,-0.0,-0.0,-0.0,-0.0,-0.0,-0.0,-0.0,0.0,2.876,2.876,2.876,2.876,2.876,2.876,2.876,2.876,2.876,2.876,2.876,2.876,2.876,2.876,2.876,2.876,2.876,2.876,2.876,2.876,2.876,2.876,2.876,2.876,2.876,2.876,2.876,2.876,2.876,2.876,2.876,2.876,2.876,2.876,2.876,2.876,2.876,2.876,2.876,2.876,2.876,2.876,2.876,2.876
00:30,-0.0,-0.0,0.0,0.0,0.0,0.0,0.0,0.0,0.0,0.0,0.0,0.0,0.0,0.0,0.0,0.0,0.0,0.0,0.0,0.0,0.0,0.0,0.0,0.0,0.0,0.0,0.0,0.0,0.0,0.0,0.0,0.0,0.0,0.0,0.0,0.0,0.0,0.0,0.0,0.0,-0.0,-0.0,-0.0,-0.0,-0.0,-0.0,-0.0,-0.0,-0.0,-0.0,-0.0,0.0,2.876,2.876,2.876,2.876,2.876,2.876,2.876,2.876,2.876,2.876,2.876,2.876,2.876,2.876,2.876,2.876,2.876,2.876,2.876,2.876,2.876,2.876,2.876,2.876,2.876,2.876,2.876,2.876,2.876,2.876,2.876,2.876,2.876,2.876,2.876,2.876,2.876,2.876,2.876,2.876,2.876,2.876,2.876,2.876
00:45,-0.0,-0.0,0.0,0.0,0.0,0.0,0.0,0.0,0.0,0.0,0.0,0.0,0.0,0.0,0.0,0.0,0.0,0.0,0.0,0.0,0.0,0.0,0.0,0.0,0.0,0.0,0.0,0.0,0.0,0.0,0.0,0.0,0.0,0.0,0.0,0.0,0.0,0.0,0.0,0.0,-0.0,-0.0,-0.0,-0.0,-0.0,-0.0,-0.0,-0.0,-0.0,-0.0,-0.0,0.0,2.876,2.876,2.876,2.876,2.876,2.876,2.876,2.876,2.876,2.876,2.876,2.876,2.876,2.876,2.876,2.876,2.876,2.876,2.876,2.876,2.876,2.876,2.876,2.876,2.876,2.876,2.876,2.876,2.876,2.876,2.876,2.876,2.876,2.876,2.876,2.876,2.876,2.876,2.876,2.876,2.876,2.876,2.876,2.876
01:00,-0.0,-0.0,0.0,0.0,0.0,0.0,0.0,0.0,0.0,0.0,0.0,0.0,0.0,0.0,0.0,0.0,0.0,0.0,0.0,0.0,0.0,0.0,0.0,0.0,0.0,0.0,0.0,0.0,0.0,0.0,0.0,0.0,0.0,0.0,0.0,0.0,0.0,0.0,0.0,0.0,-0.0,-0.0,-0.0,-0.0,-0.0,-0.0,-0.0,-0.0,-0.0,-0.0,-0.0,0.0,2.876,2.876,2.876,2.876,2.876,2.876,2.876,2.876,2.876,2.876,2.876,2.876,2.876,2.876,2.876,2.876,2.876,2.876,2.876,2.876,2.876,2.876,2.876,2.876,2.876,2.876,2.876,2.876,2.876,2.876,2.876,2.876,2.876,2.876,2.876,2.876,2.876,2.876,2.876,2.876,2.876,2.876,2.876,2.876
01:15,-0.0,-0.0,0.0,0.0,0.0,0.0,0.0,0.0,0.0,0.0,0.0,0.0,0.0,0.0,0.0,0.0,0.0,0.0,0.0,0.0,0.0,0.0,0.0,0.0,0.0,0.0,0.0,0.0,0.0,0.0,0.0,0.0,0.0,0.0,0.0,0.0,0.0,0.0,0.0,0.0,-0.0,-0.0,-0.0,-0.0,-0.0,-0.0,-0.0,-0.0,-0.0,-0.0,-0.0,0.0,2.876,2.876,2.876,2.876,2.876,2.876,2.876,2.876,2.876,2.876,2.876,2.876,2.876,2.876,2.876,2.876,2.876,2.876,2.876,2.876,2.876,2.876,2.876,2.876,2.876,2.876,2.876,2.876,2.876,2.876,2.876,2.876,2.876,2.876,2.876,2.876,2.876,2.876,2.876,2.876,2.876,2.876,2.876,2.876
01:30,-0.0,-0.0,0.0,0.0,0.0,0.0,0.0,0.0,0.0,0.0,0.0,0.0,0.0,0.0,0.0,0.0,0.0,0.0,0.0,0.0,0.0,0.0,0.0,0.0,0.0,0.0,0.0,0.0,0.0,0.0,0.0,0.0,0.0,0.0,0.0,0.0,0.0,0.0,0.0,0.0,-0.0,-0.0,-0.0,-0.0,-0.0,-0.0,-0.0,-0.0,-0.0,-0.0,-0.0,0.0,2.876,2.876,2.876,2.876,2.876,2.876,2.876,2.876,2.876,2.876,2.876,2.876,2.876,2.876,2.876,2.876,2.876,2.876,2.876,2.876,2.876,2.876,2.876,2.876,2.876,2.876,2.876,2.876,2.876,2.876,2.876,2.876,2.876,2.876,2.876,2.876,2.876,2.876,2.876,2.876,2.876,2.876,2.876,2.876
01:45,-0.0,-0.0,0.0,0.0,0.0,0.0,0.0,0.0,0.0,0.0,0.0,0.0,0.0,0.0,0.0,0.0,0.0,0.0,0.0,0.0,0.0,0.0,0.0,0.0,0.0,0.0,0.0,0.0,0.0,0.0,0.0,0.0,0.0,0.0,0.0,0.0,0.0,0.0,0.0,0.0,-0.0,-0.0,-0.0,-0.0,-0.0,-0.0,-0.0,-0.0,-0.0,-0.0,-0.0,0.0,2.876,2.876,2.876,2.876,2.876,2.876,2.876,2.876,2.876,2.876,2.876,2.876,2.876,2.876,2.876,2.876,2.876,2.876,2.876,2.876,2.876,2.876,2.876,2.876,2.876,2.876,2.876,2.876,2.876,2.876,2.876,2.876,2.876,2.876,2.876,2.876,2.876,2.876,2.876,2.876,2.876,2.876,2.876,2.876
02:00,-0.0,-0.0,0.0,0.0,0.0,0.0,0.0,0.0,0.0,0.0,0.0,0.0,0.0,0.0,0.0,0.0,0.0,0.0,0.0,0.0,0.0,0.0,0.0,0.0,0.0,0.0,0.0,0.0,0.0,0.0,0.0,0.0,0.0,0.0,0.0,0.0,0.0,0.0,0.0,0.0,-0.0,-0.0,-0.0,-0.0,-0.0,-0.0,-0.0,-0.0,-0.0,-0.0,-0.0,0.0,2.876,2.876,2.876,2.876,2.876,2.876,2.876,2.876,2.876,2.876,2.876,2.876,2.876,2.876,2.876,2.876,2.876,2.876,2.876,2.876,2.876,2.876,2.876,2.876,2.876,2.876,2.876,2.876,2.876,2.876,2.876,2.876,2.876,2.876,2.876,2.876,2.876,2.876,2.876,2.876,2.876,2.876,2.876,2.876
02:15,-0.0,-0.0,0.0,0.0,0.0,0.0,0.0,0.0,0.0,0.0,0.0,0.0,0.0,0.0,0.0,0.0,0.0,0.0,0.0,0.0,0.0,0.0,0.0,0.0,0.0,0.0,0.0,0.0,0.0,0.0,0.0,0.0,0.0,0.0,0.0,0.0,0.0,0.0,0.0,0.0,-0.0,-0.0,-0.0,-0.0,-0.0,-0.0,-0.0,-0.0,-0.0,-0.0,-0.0,0.0,2.876,2.876,2.876,2.876,2.876,2.876,2.876,2.876,2.876,2.876,2.876,2.876,2.876,2.876,2.876,2.876,2.876,2.876,2.876,2.876,2.876,2.876,2.876,2.876,2.876,2.876,2.876,2.876,2.876,2.876,2.876,2.876,2.876,2.876,2.876,2.876,2.876,2.876,2.876,2.876,2.876,2.876,2.876,2.876
02:30,-0.0,-0.0,0.0,0.0,0.0,0.0,0.0,0.0,0.0,0.0,0.0,0.0,0.0,0.0,0.0,0.0,0.0,0.0,0.0,0.0,0.0,0.0,0.0,0.0,0.0,0.0,0.0,0.0,0.0,0.0,0.0,0.0,0.0,0.0,0.0,0.0,0.0,0.0,0.0,0.0,-0.0,-0.0,-0.0,-0.0,-0.0,-0.0,-0.0,-0.0,-0.0,-0.0,-0.0,0.0,2.876,2.876,2.876,2.876,2.876,2.876,2.876,2.876,2.876,2.876,2.876,2.876,2.876,2.876,2.876,2.876,2.876,2.876,2.876,2.876,2.876,2.876,2.876,2.876,2.876,2.876,2.876,2.876,2.876,2.876,2.876,2.876,2.876,2.876,2.876,2.876,2.876,2.876,2.876,2.876,2.876,2.876,2.876,2.876
02:45,-0.0,-0.0,0.0,0.0,0.0,0.0,0.0,0.0,0.0,0.0,0.0,0.0,0.0,0.0,0.0,0.0,0.0,0.0,0.0,0.0,0.0,0.0,0.0,0.0,0.0,0.0,0.0,0.0,0.0,0.0,0.0,0.0,0.0,0.0,0.0,0.0,0.0,0.0,0.0,0.0,-0.0,-0.0,-0.0,-0.0,-0.0,-0.0,-0.0,-0.0,-0.0,-0.0,-0.0,0.0,2.876,2.876,2.876,2.876,2.876,2.876,2.876,2.876,2.876,2.876,2.876,2.876,2.876,2.876,2.876,2.876,2.876,2.876,2.876,2.876,2.876,2.876,2.876,2.876,2.876,2.876,2.876,2.876,2.876,2.876,2.876,2.876,2.876,2.876,2.876,2.876,2.876,2.876,2.876,2.876,2.876,2.876,2.876,2.876
03:00,-0.0,-0.0,0.0,0.0,0.0,0.0,0.0,0.0,0.0,0.0,0.0,0.0,0.0,0.0,0.0,0.0,0.0,0.0,0.0,0.0,0.0,0.0,0.0,0.0,0.0,0.0,0.0,0.0,0.0,0.0,0.0,0.0,0.0,0.0,0.0,0.0,0.0,0.0,0.0,0.0,-0.0,-0.0,-0.0,-0.0,-0.0,-0.0,-0.0,-0.0,-0.0,-0.0,-0.0,0.0,2.876,2.876,2.876,2.876,2.876,2.876,2.876,2.876,2.876,2.876,2.876,2.876,2.876,2.876,2.876,2.876,2.876,2.876,2.876,2.876,2.876,2.876,2.876,2.876,2.876,2.876,2.876,2.876,2.876,2.876,2.876,2.876,2.876,2.876,2.876,2.876,2.876,2.876,2.876,2.876,2.876,2.876,2.876,2.876
03:15,-0.0,-0.0,0.0,0.0,0.0,0.0,0.0,0.0,0.0,0.0,0.0,0.0,0.0,0.0,0.0,0.0,0.0,0.0,0.0,0.0,0.0,0.0,0.0,0.0,0.0,0.0,0.0,0.0,0.0,0.0,0.0,0.0,0.0,0.0,0.0,0.0,0.0,0.0,0.0,0.0,-0.0,-0.0,-0.0,-0.0,-0.0,-0.0,-0.0,-0.0,-0.0,-0.0,-0.0,0.0,2.876,2.876,2.876,2.876,2.876,2.876,2.876,2.876,2.876,2.876,2.876,2.876,2.876,2.876,2.876,2.876,2.876,2.876,2.876,2.876,2.876,2.876,2.876,2.876,2.876,2.876,2.876,2.876,2.876,2.876,2.876,2.876,2.876,2.876,2.876,2.876,2.876,2.876,2.876,2.876,2.876,2.876,2.876,2.876
03:30,-0.0,-0.0,0.0,0.0,0.0,0.0,0.0,0.0,0.0,0.0,0.0,0.0,0.0,0.0,0.0,0.0,0.0,0.0,0.0,0.0,0.0,0.0,0.0,0.0,0.0,0.0,0.0,0.0,0.0,0.0,0.0,0.0,0.0,0.0,0.0,0.0,0.0,0.0,0.0,0.0,-0.0,-0.0,-0.0,-0.0,-0.0,-0.0,-0.0,-0.0,-0.0,-0.0,-0.0,0.0,2.876,2.876,2.876,2.876,2.876,2.876,2.876,2.876,2.876,2.876,2.876,2.876,2.876,2.876,2.876,2.876,2.876,2.876,2.876,2.876,2.876,2.876,2.876,2.876,2.876,2.876,2.876,2.876,2.876,2.876,2.876,2.876,2.876,2.876,2.876,2.876,2.876,2.876,2.876,2.876,2.876,2.876,2.876,2.876
03:45,-0.0,-0.0,0.0,0.0,0.0,0.0,0.0,0.0,0.0,0.0,0.0,0.0,0.0,0.0,0.0,0.0,0.0,0.0,0.0,0.0,0.0,0.0,0.0,0.0,0.0,0.0,0.0,0.0,0.0,0.0,0.0,0.0,0.0,0.0,0.0,0.0,0.0,0.0,0.0,0.0,-0.0,-0.0,-0.0,-0.0,-0.0,-0.0,-0.0,-0.0,-0.0,-0.0,-0.0,0.0,2.876,2.876,2.876,2.876,2.876,2.876,2.876,2.876,2.876,2.876,2.876,2.876,2.876,2.876,2.876,2.876,2.876,2.876,2.876,2.876,2.876,2.876,2.876,2.876,2.876,2.876,2.876,2.876,2.876,2.876,2.876,2.876,2.876,2.876,2.876,2.876,2.876,2.876,2.876,2.876,2.876,2.876,2.876,2.876
04:00,-0.0,-0.0,0.0,0.0,0.0,0.0,0.0,0.0,0.0,0.0,0.0,0.0,0.0,0.0,0.0,0.0,0.0,0.0,0.0,0.0,0.0,0.0,0.0,0.0,0.0,0.0,0.0,0.0,0.0,0.0,0.0,0.0,0.0,0.0,0.0,0.0,0.0,0.0,0.0,0.0,-0.0,-0.0,-0.0,-0.0,-0.0,-0.0,-0.0,-0.0,-0.0,-0.0,-0.0,0.0,2.876,2.876,2.876,2.876,2.876,2.876,2.876,2.876,2.876,2.876,2.876,2.876,2.876,2.876,2.876,2.876,2.876,2.876,2.876,2.876,2.876,2.876,2.876,2.876,2.876,2.876,2.876,2.876,2.876,2.876,2.876,2.876,2.876,2.876,2.876,2.876,2.876,2.876,2.876,2.876,2.876,2.876,2.876,2.876
04:15,-0.0,-0.0,0.0,0.0,0.0,0.0,0.0,0.0,0.0,0.0,0.0,0.0,0.0,0.0,0.0,0.0,0.0,0.0,0.0,0.0,0.0,0.0,0.0,0.0,0.0,0.0,0.0,0.0,0.0,0.0,0.0,0.0,0.0,0.0,0.0,0.0,0.0,0.0,0.0,0.0,-0.0,-0.0,-0.0,-0.0,-0.0,-0.0,-0.0,-0.0,-0.0,-0.0,-0.0,0.0,2.876,2.876,2.876,2.876,2.876,2.876,2.876,2.876,2.876,2.876,2.876,2.876,2.876,2.876,2.876,2.876,2.876,2.876,2.876,2.876,2.876,2.876,2.876,2.876,2.876,2.876,2.876,2.876,2.876,2.876,2.876,2.876,2.876,2.876,2.876,2.876,2.876,2.876,2.876,2.876,2.876,2.876,2.876,2.876
04:30,-0.0,-0.0,0.0,0.0,0.0,0.0,0.0,0.0,0.0,0.0,0.0,0.0,0.0,0.0,0.0,0.0,0.0,0.0,0.0,0.0,0.0,0.0,0.0,0.0,0.0,0.0,0.0,0.0,0.0,0.0,0.0,0.0,0.0,0.0,0.0,0.0,0.0,0.0,0.0,0.0,-0.0,-0.0,-0.0,-0.0,-0.0,-0.0,-0.0,-0.0,-0.0,-0.0,-0.0,0.0,2.876,2.876,2.876,2.876,2.876,2.876,2.876,2.876,2.876,2.876,2.876,2.876,2.876,2.876,2.876,2.876,2.876,2.876,2.876,2.876,2.876,2.876,2.876,2.876,2.876,2.876,2.876,2.876,2.876,2.876,2.876,2.876,2.876,2.876,2.876,2.876,2.876,2.876,2.876,2.876,2.876,2.876,2.876,2.876
04:45,-0.0,-0.0,0.0,0.0,0.0,0.0,0.0,0.0,0.0,0.0,0.0,0.0,0.0,0.0,0.0,0.0,0.0,0.0,0.0,0.0,0.0,0.0,0.0,0.0,0.0,0.0,0.0,0.0,0.0,0.0,0.0,0.0,0.0,0.0,0.0,0.0,0.0,0.0,0.0,0.0,-0.0,-0.0,-0.0,-0.0,-0.0,-0.0,-0.0,-0.0,-0.0,-0.0,-0.0,0.0,2.876,2.876,2.876,2.876,2.876,2.876,2.876,2.876,2.876,2.876,2.876,2.876,2.876,2.876,2.876,2.876,2.876,2.876,2.876,2.876,2.876,2.876,2.876,2.876,2.876,2.876,2.876,2.876,2.876,2.876,2.876,2.876,2.876,2.876,2.876,2.876,2.876,2.876,2.876,2.876,2.876,2.876,2.876,2.876
05:00,-0.0,-0.0,0.0,0.0,0.0,0.0,0.0,0.0,0.0,0.0,0.0,0.0,0.0,0.0,0.0,0.0,0.0,0.0,0.0,0.0,0.0,0.0,0.0,0.0,0.0,0.0,0.0,0.0,0.0,0.0,0.0,0.0,0.0,0.0,0.0,0.0,0.0,0.0,0.0,0.0,-0.0,-0.0,-0.0,-0.0,-0.0,-0.0,-0.0,-0.0,-0.0,-0.0,-0.0,0.0,2.876,2.876,2.876,2.876,2.876,2.876,2.876,2.876,2.876,2.876,2.876,2.876,2.876,2.876,2.876,2.876,2.876,2.876,2.876,2.876,2.876,2.876,2.876,2.876,2.876,2.876,2.876,2.876,2.876,2.876,2.876,2.876,2.876,2.876,2.876,2.876,2.876,2.876,2.876,2.876,2.876,2.876,2.876,2.876
05:15,-0.0,-0.0,0.0,0.0,0.0,0.0,0.0,0.0,0.0,0.0,0.0,0.0,0.0,0.0,0.0,0.0,0.0,0.0,0.0,0.0,0.0,0.0,0.0,0.0,0.0,0.0,0.0,0.0,0.0,0.0,0.0,0.0,0.0,0.0,0.0,0.0,0.0,0.0,0.0,0.0,-0.0,-0.0,-0.0,-0.0,-0.0,-0.0,-0.0,-0.0,-0.0,-0.0,-0.0,0.0,2.876,2.876,2.876,2.876,2.876,2.876,2.876,2.876,2.876,2.876,2.876,2.876,2.876,2.876,2.876,2.876,2.876,2.876,2.876,2.876,2.876,2.876,2.876,2.876,2.876,2.876,2.876,2.876,2.876,2.876,2.876,2.876,2.876,2.876,2.876,2.876,2.876,2.876,2.876,2.876,2.876,2.876,2.876,2.876
05:30,-0.0,-0.0,0.0,0.0,0.0,0.0,0.0,0.0,0.0,0.0,0.0,0.0,0.0,0.0,0.0,0.0,0.0,0.0,0.0,0.0,0.0,0.0,0.0,0.0,0.0,0.0,0.0,0.0,0.0,0.0,0.0,0.0,0.0,0.0,0.0,0.0,0.0,0.0,0.0,0.0,-0.0,-0.0,-0.0,-0.0,-0.0,-0.0,-0.0,-0.0,-0.0,-0.0,-0.0,0.0,2.876,2.876,2.876,2.876,2.876,2.876,2.876,2.876,2.876,2.876,2.876,2.876,2.876,2.876,2.876,2.876,2.876,2.876,2.876,2.876,2.876,2.876,2.876,2.876,2.876,2.876,2.876,2.876,2.876,2.876,2.876,2.876,2.876,2.876,2.876,2.876,2.876,2.876,2.876,2.876,2.876,2.876,2.876,2.876
05:45,-0.0,-0.0,0.0,0.0,0.0,0.0,0.0,0.0,0.0,0.0,0.0,0.0,0.0,0.0,0.0,0.0,0.0,0.0,0.0,0.0,0.0,0.0,0.0,0.0,0.0,0.0,0.0,0.0,0.0,0.0,0.0,0.0,0.0,0.0,0.0,0.0,0.0,0.0,0.0,0.0,-0.0,-0.0,-0.0,-0.0,-0.0,-0.0,-0.0,-0.0,-0.0,-0.0,-0.0,0.0,2.876,2.876,2.876,2.876,2.876,2.876,2.876,2.876,2.876,2.876,2.876,2.876,2.876,2.876,2.876,2.876,2.876,2.876,2.876,2.876,2.876,2.876,2.876,2.876,2.876,2.876,2.876,2.876,2.876,2.876,2.876,2.876,2.876,2.876,2.876,2.876,2.876,2.876,2.876,2.876,2.876,2.876,2.876,2.876
06:00,-0.0,-0.0,0.0,0.0,0.0,0.0,0.0,0.0,0.0,0.0,0.0,0.0,0.0,0.0,0.0,0.0,0.0,0.0,0.0,0.0,0.0,0.0,0.0,0.0,0.0,0.0,0.0,0.0,0.0,0.0,0.0,0.0,0.0,0.0,0.0,0.0,0.0,0.0,0.0,0.0,-0.0,-0.0,-0.0,-0.0,-0.0,-0.0,-0.0,-0.0,-0.0,-0.0,-0.0,0.0,2.876,2.876,2.876,2.876,2.876,2.876,2.876,2.876,2.876,2.876,2.876,2.876,2.876,2.876,2.876,2.876,2.876,2.876,2.876,2.876,2.876,2.876,2.876,2.876,2.876,2.876,2.876,2.876,2.876,2.876,2.876,2.876,2.876,2.876,2.876,2.876,2.876,2.876,2.876,2.876,2.876,2.876,2.876,2.876
06:15,-0.0,-0.0,0.0,0.0,0.0,0.0,0.0,0.0,0.0,0.0,0.0,0.0,0.0,0.0,0.0,0.0,0.0,0.0,0.0,0.0,0.0,0.0,0.0,0.0,0.0,0.0,0.0,0.0,0.0,0.0,0.0,0.0,0.0,0.0,0.0,0.0,0.0,0.0,0.0,0.0,-0.0,-0.0,-0.0,-0.0,-0.0,-0.0,-0.0,-0.0,-0.0,-0.0,-0.0,0.0,2.876,2.876,2.876,2.876,2.876,2.876,2.876,2.876,2.876,2.876,2.876,2.876,2.876,2.876,2.876,2.876,2.876,2.876,2.876,2.876,2.876,2.876,2.876,2.876,2.876,2.876,2.876,2.876,2.876,2.876,2.876,2.876,2.876,2.876,2.876,2.876,2.876,2.876,2.876,2.876,2.876,2.876,2.876,2.876
06:30,-0.0,-0.0,0.0,0.0,0.0,0.0,0.0,0.0,0.0,0.0,0.0,0.0,0.0,0.0,0.0,0.0,0.0,0.0,0.0,0.0,0.0,0.0,0.0,0.0,0.0,0.0,0.0,0.0,0.0,0.0,0.0,0.0,0.0,0.0,0.0,0.0,0.0,0.0,0.0,0.0,-0.0,-0.0,-0.0,-0.0,-0.0,-0.0,-0.0,-0.0,-0.0,-0.0,-0.0,0.0,2.876,2.876,2.876,2.876,2.876,2.876,2.876,2.876,2.876,2.876,2.876,2.876,2.876,2.876,2.876,2.876,2.876,2.876,2.876,2.876,2.876,2.876,2.876,2.876,2.876,2.876,2.876,2.876,2.876,2.876,2.876,2.876,2.876,2.876,2.876,2.876,2.876,2.876,2.876,2.876,2.876,2.876,2.876,2.876
06:45,-0.0,-0.0,0.0,0.0,0.0,0.0,0.0,0.0,0.0,0.0,0.0,0.0,0.0,0.0,0.0,0.0,0.0,0.0,0.0,0.0,0.0,0.0,0.0,0.0,0.0,0.0,0.0,0.0,0.0,0.0,0.0,0.0,0.0,0.0,0.0,0.0,0.0,0.0,0.0,0.0,-0.0,-0.0,-0.0,-0.0,-0.0,-0.0,-0.0,-0.0,-0.0,-0.0,-0.0,0.0,2.876,2.876,2.876,2.876,2.876,2.876,2.876,2.876,2.876,2.876,2.876,2.876,2.876,2.876,2.876,2.876,2.876,2.876,2.876,2.876,2.876,2.876,2.876,2.876,2.876,2.876,2.876,2.876,2.876,2.876,2.876,2.876,2.876,2.876,2.876,2.876,2.876,2.876,2.876,2.876,2.876,2.876,2.876,2.876
07:00,-0.0,-0.0,0.0,0.0,0.0,0.0,0.0,0.0,0.0,0.0,0.0,0.0,0.0,0.0,0.0,0.0,0.0,0.0,0.0,0.0,0.0,0.0,0.0,0.0,0.0,0.0,0.0,0.0,0.0,0.0,0.0,0.0,0.0,0.0,0.0,0.0,0.0,0.0,0.0,0.0,-0.0,-0.0,-0.0,-0.0,-0.0,-0.0,-0.0,-0.0,-0.0,-0.0,-0.0,0.0,2.876,2.876,2.876,2.876,2.876,2.876,2.876,2.876,2.876,2.876,2.876,2.876,2.876,2.876,2.876,2.876,2.876,2.876,2.876,2.876,2.876,2.876,2.876,2.876,2.876,2.876,2.876,2.876,2.876,2.876,2.876,2.876,2.876,2.876,2.876,2.876,2.876,2.876,2.876,2.876,2.876,2.876,2.876,2.876
07:15,-0.0,-0.0,0.0,0.0,0.0,0.0,0.0,0.0,0.0,0.0,0.0,0.0,0.0,0.0,0.0,0.0,0.0,0.0,0.0,0.0,0.0,0.0,0.0,0.0,0.0,0.0,0.0,0.0,0.0,0.0,0.0,0.0,0.0,0.0,0.0,0.0,0.0,0.0,0.0,0.0,-0.0,-0.0,-0.0,-0.0,-0.0,-0.0,-0.0,-0.0,-0.0,-0.0,-0.0,0.0,2.876,2.876,2.876,2.876,2.876,2.876,2.876,2.876,2.876,2.876,2.876,2.876,2.876,2.876,2.876,2.876,2.876,2.876,2.876,2.876,2.876,2.876,2.876,2.876,2.876,2.876,2.876,2.876,2.876,2.876,2.876,2.876,2.876,2.876,2.876,2.876,2.876,2.876,2.876,2.876,2.876,2.876,2.876,2.876
07:30,-0.0,-0.0,0.0,0.0,0.0,0.0,0.0,0.0,0.0,0.0,0.0,0.0,0.0,0.0,0.0,0.0,0.0,0.0,0.0,0.0,0.0,0.0,0.0,0.0,0.0,0.0,0.0,0.0,0.0,0.0,0.0,0.0,0.0,0.0,0.0,0.0,0.0,0.0,0.0,0.0,-0.0,-0.0,-0.0,-0.0,-0.0,-0.0,-0.0,-0.0,-0.0,-0.0,-0.0,0.0,2.876,2.876,2.876,2.876,2.876,2.876,2.876,2.876,2.876,2.876,2.876,2.876,2.876,2.876,2.876,2.876,2.876,2.876,2.876,2.876,2.876,2.876,2.876,2.876,2.876,2.876,2.876,2.876,2.876,2.876,2.876,2.876,2.876,2.876,2.876,2.876,2.876,2.876,2.876,2.876,2.876,2.876,2.876,2.876
07:45,-0.0,-0.0,0.0,0.0,0.0,0.0,0.0,0.0,0.0,0.0,0.0,0.0,0.0,0.0,0.0,0.0,0.0,0.0,0.0,0.0,0.0,0.0,0.0,0.0,0.0,0.0,0.0,0.0,0.0,0.0,0.0,0.0,0.0,0.0,0.0,0.0,0.0,0.0,0.0,0.0,-0.0,-0.0,-0.0,-0.0,-0.0,-0.0,-0.0,-0.0,-0.0,-0.0,-0.0,0.0,2.876,2.876,2.876,2.876,2.876,2.876,2.876,2.876,2.876,2.876,2.876,2.876,2.876,2.876,2.876,2.876,2.876,2.876,2.876,2.876,2.876,2.876,2.876,2.876,2.876,2.876,2.876,2.876,2.876,2.876,2.876,2.876,2.876,2.876,2.876,2.876,2.876,2.876,2.876,2.876,2.876,2.876,2.876,2.876
