Time_Period,Clock,A0_Discharge_kW,A0_Discharge_cum_kWh,A0_Work_kW,A0_CEV1_Activity,A0_MCS_Status,A1R_Discharge_kW,A1R_Discharge_cum_kWh,A1R_Work_kW,A1R_CEV1_Activity,A1R_MCS_Status,A2R_Discharge_kW,A2R_Discharge_cum_kWh,A2R_Work_kW,A2R_CEV1_Activity,A2R_MCS_Status,A1R_minus_A0_cum_kWh,A2R_minus_A0_cum_kWh
1,08:00,0.0,0.0,4.764336498431121,Digging,Traveling,0.0,0.0,4.764336498431121,Digging,Traveling,0.0,0.0,4.764336498431121,Digging,Traveling,0.0,0.0
2,08:15,0.0,0.0,4.989984663182659,Digging,Idle,0.0,0.0,4.989984663182659,Digging,Idle,0.0,0.0,4.989984663182659,Digging,Idle,0.0,0.0
3,08:30,0.0,0.0,4.6363591868503535,Digging,Idle,8.0,2.0,0.0,Charging,Serving CEV,0.0,0.0,4.6363591868503535,Digging,Idle,2.0,0.0
4,08:45,0.0,0.0,4.517112418656664,Digging,Idle,0.0,2.0,4.6363591868503535,Digging,Idle,0.0,0.0,4.517112418656664,Digging,Idle,2.0,0.0
5,09:00,8.0,2.0,0.0,Charging,Serving CEV,0.0,2.0,4.517112418656664,Digging,Idle,8.0,2.0,0.0,Charging,Serving CEV,0.0,0.0
6,09:15,0.0,2.0,5.137897960482434,Traveling,Idle,0.0,2.0,5.137897960482434,Traveling,Idle,0.0,2.0,5.137897960482434,Traveling,Idle,0.0,0.0
7,09:30,8.0,4.0,0.0,Charging,Serving CEV,8.0,4.0,0.0,Charging,Serving CEV,0.0,2.0,4.336638499868317,Digging,Idle,0.0,-2.0
8,09:45,0.0,4.0,4.336638499868317,Digging,Idle,0.0,4.0,4.336638499868317,Digging,Idle,0.0,2.0,5.008074212365046,Digging,Idle,0.0,-2.0
9,10:00,8.0,6.0,0.0,Charging,Serving CEV,8.0,6.0,0.0,Charging,Serving CEV,0.0,2.0,4.9644221838317835,Digging,Idle,0.0,-4.0
10,10:15,0.0,6.0,5.008074212365046,Digging,Idle,0.0,6.0,5.008074212365046,Digging,Idle,5.194883702693069,3.2987209256732672,0.0,Charging,Serving CEV,0.0,-2.7012790743267328
11,10:30,0.0,6.0,4.9644221838317835,Digging,Idle,0.0,6.0,4.9644221838317835,Digging,Idle,0.0,3.2987209256732672,4.778902569832251,Digging,Idle,0.0,-2.7012790743267328
12,10:45,0.0,6.0,4.778902569832251,Digging,Idle,0.0,6.0,0.0,Idle,Idle,0.0,3.2987209256732672,4.4927734972254285,Traveling,Idle,0.0,-2.7012790743267328
13,11:00,0.0,6.0,4.4927734972254285,Traveling,Idle,0.0,6.0,4.778902569832251,Digging,Idle,0.0,3.2987209256732672,4.845273315283702,Digging,Idle,0.0,-2.7012790743267328
14,11:15,8.0,8.0,0.0,Charging,Serving CEV,0.0,6.0,4.4927734972254285,Traveling,Idle,0.0,3.2987209256732672,4.6622272316452165,Digging,Idle,-2.0,-4.701279074326733
15,11:30,0.0,8.0,4.845273315283702,Digging,Idle,0.0,6.0,4.845273315283702,Digging,Idle,8.0,5.298720925673267,0.0,Charging,Serving CEV,-2.0,-2.7012790743267328
16,11:45,0.0,8.0,4.6622272316452165,Digging,Idle,0.0,6.0,4.6622272316452165,Digging,Idle,0.0,5.298720925673267,4.872525412844321,Digging,Idle,-2.0,-2.7012790743267328
17,12:00,8.0,10.0,0.0,Charging,Serving CEV,8.0,8.0,0.0,Charging,Serving CEV,8.000000000000002,7.298720925673267,0.0,Charging,Serving CEV,-2.0,-2.7012790743267328
18,12:15,8.0,12.0,0.0,Charging,Serving CEV,0.0,8.0,0.0,Idle,Idle,1.2397163899123829,7.6086500231513625,0.0,Charging,Serving CEV,-4.0,-4.3913499768486375
19,12:30,7.302000000000817,13.825500000000204,0.0,Charging,Serving CEV,0.0,8.0,0.0,Idle,Idle,3.9175070437961956,8.58802678410041,0.0,Charging,Serving CEV,-5.825500000000204,-5.237473215899794
20,12:45,0.0,13.825500000000204,0.0,Idle,Idle,8.0,10.0,0.0,Charging,Serving CEV,8.0,10.58802678410041,0.0,Charging,Serving CEV,-3.825500000000204,-3.2374732158997936
21,13:00,0.0,13.825500000000204,0.0,Idle,Idle,0.0,10.0,0.0,Idle,Idle,0.0,10.58802678410041,0.0,Idle,Idle,-3.825500000000204,-3.2374732158997936
22,13:15,0.0,13.825500000000204,0.0,Idle,Idle,7.0908022376549695,11.772700559413742,0.0,Charging,Serving CEV,0.0,10.58802678410041,0.0,Idle,Idle,-2.052799440586462,-3.2374732158997936
23,13:30,0.0,13.825500000000204,0.0,Idle,Idle,0.0,11.772700559413742,0.0,Idle,Idle,8.0,12.58802678410041,0.0,Charging,Serving CEV,-2.052799440586462,-1.2374732158997936
24,13:45,0.0,13.825500000000204,0.0,Idle,Idle,8.0,13.772700559413742,0.0,Charging,Serving CEV,8.0,14.58802678410041,0.0,Charging,Serving CEV,-0.0527994405864618,0.7625267841002064
25,14:00,0.0,13.825500000000204,4.872525412844321,Digging,Idle,0.0,13.772700559413742,4.872525412844321,Digging,Idle,0.0,14.58802678410041,5.2254933443060985,Digging,Idle,-0.0527994405864618,0.7625267841002064
26,14:15,0.0,13.825500000000204,3.0489857920151766,Loading/Swinging,Idle,0.0,13.772700559413742,5.2254933443060985,Digging,Idle,0.0,14.58802678410041,4.749989717804096,Traveling,Idle,-0.0527994405864618,0.7625267841002064
27,14:30,7.999999999999999,15.825500000000204,0.0,Charging,Serving CEV,0.5130187571504194,13.900955248701347,0.0,Charging,Serving CEV,0.0,14.58802678410041,3.0489857920151766,Loading/Swinging,Idle,-1.924544751298857,-1.2374732158997936
28,14:45,0.0,15.825500000000204,4.749989717804096,Traveling,Idle,0.0,13.900955248701347,4.749989717804096,Traveling,Idle,0.0,14.58802678410041,3.10878482887631,Loading/Swinging,Idle,-1.924544751298857,-1.2374732158997936
29,15:00,0.0,15.825500000000204,5.2254933443060985,Digging,Idle,0.0,13.900955248701347,3.0489857920151766,Loading/Swinging,Idle,3.6415901360427867,15.498424318111107,0.0,Charging,Serving CEV,-1.924544751298857,-0.32707568188909697
30,15:15,0.0,15.825500000000204,3.10878482887631,Loading/Swinging,Idle,0.0,13.900955248701347,3.10878482887631,Loading/Swinging,Idle,0.0,15.498424318111107,3.091936889713172,Loading/Swinging,Idle,-1.924544751298857,-0.32707568188909697
31,15:30,0.0,15.825500000000204,3.091936889713172,Loading/Swinging,Idle,0.0,13.900955248701347,3.091936889713172,Loading/Swinging,Idle,0.0,15.498424318111107,3.178041707501309,Loading/Swinging,Idle,-1.924544751298857,-0.32707568188909697
32,15:45,7.999999999999999,17.825500000000204,0.0,Charging,Serving CEV,7.813797228408762,15.854404555803537,0.0,Charging,Serving CEV,0.0,15.498424318111107,4.763406214464165,Traveling,Idle,-1.971095444196667,-2.327075681889097
33,16:00,0.0,17.825500000000204,3.178041707501309,Loading/Swinging,Idle,0.0,15.854404555803537,3.178041707501309,Loading/Swinging,Idle,0.0,15.498424318111107,3.5703346457907466,Loading/Swinging,Idle,-1.971095444196667,-2.327075681889097
34,16:15,0.0,17.825500000000204,4.763406214464165,Traveling,Idle,0.0,15.854404555803537,4.763406214464165,Traveling,Idle,8.0,17.498424318111105,0.0,Charging,Serving CEV,-1.971095444196667,-0.32707568188909875
35,16:30,0.0,17.825500000000204,3.5703346457907466,Loading/Swinging,Idle,0.0,15.854404555803537,3.5703346457907466,Loading/Swinging,Idle,0.0,17.498424318111105,3.293469348992297,Loading/Swinging,Idle,-1.971095444196667,-0.32707568188909875
36,16:45,0.0,17.825500000000204,3.293469348992297,Loading/Swinging,Idle,0.0,15.854404555803537,3.293469348992297,Loading/Swinging,Idle,2.0432728675182474,18.00924253499067,0.0,Charging,Serving CEV,-1.971095444196667,0.1837425349904649
37,17:00,8.0,19.825500000000204,0.0,Charging,Serving CEV,0.6193519167485135,16.009242534990666,0.0,Charging,Serving CEV,8.0,20.00924253499067,0.0,Charging,Serving CEV,-3.8162574650095387,0.1837425349904649
38,17:15,8.0,21.825500000000204,0.0,Charging,Serving CEV,8.0,18.009242534990666,0.0,Charging,Serving CEV,8.0,22.00924253499067,0.0,Charging,Serving CEV,-3.8162574650095387,0.1837425349904649
39,17:30,8.0,23.825500000000204,0.0,Charging,Serving CEV,8.0,20.009242534990666,0.0,Charging,Serving CEV,8.0,24.00924253499067,0.0,Charging,Serving CEV,-3.8162574650095387,0.1837425349904649
40,17:45,0.0,23.825500000000204,0.0,Idle,Idle,8.0,22.009242534990666,0.0,Charging,Serving CEV,0.0,24.00924253499067,0.0,Idle,Traveling,-1.8162574650095387,0.1837425349904649
41,18:00,0.0,23.825500000000204,0.0,Idle,Idle,8.0,24.009242534990666,0.0,Charging,Serving CEV,0.0,24.00924253499067,0.0,Idle,Idle,0.18374253499046134,0.1837425349904649
42,18:15,0.0,23.825500000000204,0.0,Idle,Idle,0.0,24.009242534990666,0.0,Idle,Traveling,0.0,24.00924253499067,0.0,Idle,Idle,0.18374253499046134,0.1837425349904649
43,18:30,0.0,23.825500000000204,0.0,Idle,Idle,0.0,24.009242534990666,0.0,Idle,Idle,0.0,24.00924253499067,0.0,Idle,Idle,0.18374253499046134,0.1837425349904649
44,18:45,0.0,23.825500000000204,0.0,Idle,Idle,0.0,24.009242534990666,0.0,Idle,Idle,0.0,24.00924253499067,0.0,Idle,Idle,0.18374253499046134,0.1837425349904649
45,19:00,0.0,23.825500000000204,0.0,Idle,Idle,0.0,24.009242534990666,0.0,Idle,Idle,0.0,24.00924253499067,0.0,Idle,Idle,0.18374253499046134,0.1837425349904649
46,19:15,0.0,23.825500000000204,0.0,Idle,Traveling,0.0,24.009242534990666,0.0,Idle,Idle,0.0,24.00924253499067,0.0,Idle,Idle,0.18374253499046134,0.1837425349904649
47,19:30,0.0,23.825500000000204,0.0,Idle,Idle,0.0,24.009242534990666,0.0,Idle,Idle,0.0,24.00924253499067,0.0,Idle,Idle,0.18374253499046134,0.1837425349904649
48,19:45,0.0,23.825500000000204,0.0,Idle,Idle,0.0,24.009242534990666,0.0,Idle,Idle,0.0,24.00924253499067,0.0,Idle,Idle,0.18374253499046134,0.1837425349904649
49,20:00,0.0,23.825500000000204,0.0,Idle,Idle,0.0,24.009242534990666,0.0,Idle,Idle,0.0,24.00924253499067,0.0,Idle,Idle,0.18374253499046134,0.1837425349904649
50,20:15,0.0,23.825500000000204,0.0,Idle,Idle,0.0,24.009242534990666,0.0,Idle,Idle,0.0,24.00924253499067,0.0,Idle,Idle,0.18374253499046134,0.1837425349904649
51,20:30,0.0,23.825500000000204,0.0,Idle,Idle,0.0,24.009242534990666,0.0,Idle,Idle,0.0,24.00924253499067,0.0,Idle,Idle,0.18374253499046134,0.1837425349904649
52,20:45,0.0,23.825500000000204,0.0,Idle,Idle,0.0,24.009242534990666,0.0,Idle,Idle,0.0,24.00924253499067,0.0,Idle,Idle,0.18374253499046134,0.1837425349904649
53,21:00,0.0,23.825500000000204,0.0,Idle,Charging (grid),0.0,24.009242534990666,0.0,Idle,Charging (grid),0.0,24.00924253499067,0.0,Idle,Charging (grid),0.18374253499046134,0.1837425349904649
54,21:15,0.0,23.825500000000204,0.0,Idle,Charging (grid),0.0,24.009242534990666,0.0,Idle,Charging (grid),0.0,24.00924253499067,0.0,Idle,Charging (grid),0.18374253499046134,0.1837425349904649
55,21:30,0.0,23.825500000000204,0.0,Idle,Charging (grid),0.0,24.009242534990666,0.0,Idle,Charging (grid),0.0,24.00924253499067,0.0,Idle,Charging (grid),0.18374253499046134,0.1837425349904649
56,21:45,0.0,23.825500000000204,0.0,Idle,Charging (grid),0.0,24.009242534990666,0.0,Idle,Charging (grid),0.0,24.00924253499067,0.0,Idle,Charging (grid),0.18374253499046134,0.1837425349904649
57,22:00,0.0,23.825500000000204,0.0,Idle,Charging (grid),0.0,24.009242534990666,0.0,Idle,Charging (grid),0.0,24.00924253499067,0.0,Idle,Charging (grid),0.18374253499046134,0.1837425349904649
58,22:15,0.0,23.825500000000204,0.0,Idle,Charging (grid),0.0,24.009242534990666,0.0,Idle,Charging (grid),0.0,24.00924253499067,0.0,Idle,Charging (grid),0.18374253499046134,0.1837425349904649
59,22:30,0.0,23.825500000000204,0.0,Idle,Charging (grid),0.0,24.009242534990666,0.0,Idle,Charging (grid),0.0,24.00924253499067,0.0,Idle,Charging (grid),0.18374253499046134,0.1837425349904649
60,22:45,0.0,23.825500000000204,0.0,Idle,Charging (grid),0.0,24.009242534990666,0.0,Idle,Charging (grid),0.0,24.00924253499067,0.0,Idle,Charging (grid),0.18374253499046134,0.1837425349904649
61,23:00,0.0,23.825500000000204,0.0,Idle,Charging (grid),0.0,24.009242534990666,0.0,Idle,Charging (grid),0.0,24.00924253499067,0.0,Idle,Charging (grid),0.18374253499046134,0.1837425349904649
62,23:15,0.0,23.825500000000204,0.0,Idle,Charging (grid),0.0,24.009242534990666,0.0,Idle,Charging (grid),0.0,24.00924253499067,0.0,Idle,Charging (grid),0.18374253499046134,0.1837425349904649
63,23:30,0.0,23.825500000000204,0.0,Idle,Charging (grid),0.0,24.009242534990666,0.0,Idle,Charging (grid),0.0,24.00924253499067,0.0,Idle,Charging (grid),0.18374253499046134,0.1837425349904649
64,23:45,0.0,23.825500000000204,0.0,Idle,Charging (grid),0.0,24.009242534990666,0.0,Idle,Charging (grid),0.0,24.00924253499067,0.0,Idle,Charging (grid),0.18374253499046134,0.1837425349904649
65,00:00,0.0,23.825500000000204,0.0,Idle,Charging (grid),0.0,24.009242534990666,0.0,Idle,Charging (grid),0.0,24.00924253499067,0.0,Idle,Charging (grid),0.18374253499046134,0.1837425349904649
66,00:15,0.0,23.825500000000204,0.0,Idle,Charging (grid),0.0,24.009242534990666,0.0,Idle,Charging (grid),0.0,24.00924253499067,0.0,Idle,Charging (grid),0.18374253499046134,0.1837425349904649
67,00:30,0.0,23.825500000000204,0.0,Idle,Charging (grid),0.0,24.009242534990666,0.0,Idle,Charging (grid),0.0,24.00924253499067,0.0,Idle,Charging (grid),0.18374253499046134,0.1837425349904649
68,00:45,0.0,23.825500000000204,0.0,Idle,Charging (grid),0.0,24.009242534990666,0.0,Idle,Charging (grid),0.0,24.00924253499067,0.0,Idle,Charging (grid),0.18374253499046134,0.1837425349904649
69,01:00,0.0,23.825500000000204,0.0,Idle,Charging (grid),0.0,24.009242534990666,0.0,Idle,Charging (grid),0.0,24.00924253499067,0.0,Idle,Charging (grid),0.18374253499046134,0.1837425349904649
70,01:15,0.0,23.825500000000204,0.0,Idle,Charging (grid),0.0,24.009242534990666,0.0,Idle,Charging (grid),0.0,24.00924253499067,0.0,Idle,Charging (grid),0.18374253499046134,0.1837425349904649
71,01:30,0.0,23.825500000000204,0.0,Idle,Charging (grid),0.0,24.009242534990666,0.0,Idle,Charging (grid),0.0,24.00924253499067,0.0,Idle,Charging (grid),0.18374253499046134,0.1837425349904649
72,01:45,0.0,23.825500000000204,0.0,Idle,Charging (grid),0.0,24.009242534990666,0.0,Idle,Charging (grid),0.0,24.00924253499067,0.0,Idle,Charging (grid),0.18374253499046134,0.1837425349904649
73,02:00,0.0,23.825500000000204,0.0,Idle,Charging (grid),0.0,24.009242534990666,0.0,Idle,Charging (grid),0.0,24.00924253499067,0.0,Idle,Charging (grid),0.18374253499046134,0.1837425349904649
74,02:15,0.0,23.825500000000204,0.0,Idle,Charging (grid),0.0,24.009242534990666,0.0,Idle,Charging (grid),0.0,24.00924253499067,0.0,Idle,Charging (grid),0.18374253499046134,0.1837425349904649
75,02:30,0.0,23.825500000000204,0.0,Idle,Charging (grid),0.0,24.009242534990666,0.0,Idle,Charging (grid),0.0,24.00924253499067,0.0,Idle,Charging (grid),0.18374253499046134,0.1837425349904649
76,02:45,0.0,23.825500000000204,0.0,Idle,Charging (grid),0.0,24.009242534990666,0.0,Idle,Charging (grid),0.0,24.00924253499067,0.0,Idle,Charging (grid),0.18374253499046134,0.1837425349904649
77,03:00,0.0,23.825500000000204,0.0,Idle,Charging (grid),0.0,24.009242534990666,0.0,Idle,Charging (grid),0.0,24.00924253499067,0.0,Idle,Charging (grid),0.18374253499046134,0.1837425349904649
78,03:15,0.0,23.825500000000204,0.0,Idle,Charging (grid),0.0,24.009242534990666,0.0,Idle,Charging (grid),0.0,24.00924253499067,0.0,Idle,Charging (grid),0.18374253499046134,0.1837425349904649
79,03:30,0.0,23.825500000000204,0.0,Idle,Charging (grid),0.0,24.009242534990666,0.0,Idle,Charging (grid),0.0,24.00924253499067,0.0,Idle,Charging (grid),0.18374253499046134,0.1837425349904649
80,03:45,0.0,23.825500000000204,0.0,Idle,Charging (grid),0.0,24.009242534990666,0.0,Idle,Charging (grid),0.0,24.00924253499067,0.0,Idle,Charging (grid),0.18374253499046134,0.1837425349904649
81,04:00,0.0,23.825500000000204,0.0,Idle,Charging (grid),0.0,24.009242534990666,0.0,Idle,Charging (grid),0.0,24.00924253499067,0.0,Idle,Charging (grid),0.18374253499046134,0.1837425349904649
82,04:15,0.0,23.825500000000204,0.0,Idle,Charging (grid),0.0,24.009242534990666,0.0,Idle,Charging (grid),0.0,24.00924253499067,0.0,Idle,Charging (grid),0.18374253499046134,0.1837425349904649
83,04:30,0.0,23.825500000000204,0.0,Idle,Charging (grid),0.0,24.009242534990666,0.0,Idle,Charging (grid),0.0,24.00924253499067,0.0,Idle,Charging (grid),0.18374253499046134,0.1837425349904649
84,04:45,0.0,23.825500000000204,0.0,Idle,Charging (grid),0.0,24.009242534990666,0.0,Idle,Charging (grid),0.0,24.00924253499067,0.0,Idle,Charging (grid),0.18374253499046134,0.1837425349904649
85,05:00,0.0,23.825500000000204,0.0,Idle,Charging (grid),0.0,24.009242534990666,0.0,Idle,Charging (grid),0.0,24.00924253499067,0.0,Idle,Charging (grid),0.18374253499046134,0.1837425349904649
86,05:15,0.0,23.825500000000204,0.0,Idle,Charging (grid),0.0,24.009242534990666,0.0,Idle,Charging (grid),0.0,24.00924253499067,0.0,Idle,Charging (grid),0.18374253499046134,0.1837425349904649
87,05:30,0.0,23.825500000000204,0.0,Idle,Charging (grid),0.0,24.009242534990666,0.0,Idle,Charging (grid),0.0,24.00924253499067,0.0,Idle,Charging (grid),0.18374253499046134,0.1837425349904649
88,05:45,0.0,23.825500000000204,0.0,Idle,Charging (grid),0.0,24.009242534990666,0.0,Idle,Charging (grid),0.0,24.00924253499067,0.0,Idle,Charging (grid),0.18374253499046134,0.1837425349904649
89,06:00,0.0,23.825500000000204,0.0,Idle,Charging (grid),0.0,24.009242534990666,0.0,Idle,Charging (grid),0.0,24.00924253499067,0.0,Idle,Charging (grid),0.18374253499046134,0.1837425349904649
90,06:15,0.0,23.825500000000204,0.0,Idle,Charging (grid),0.0,24.009242534990666,0.0,Idle,Charging (grid),0.0,24.00924253499067,0.0,Idle,Charging (grid),0.18374253499046134,0.1837425349904649
91,06:30,0.0,23.825500000000204,0.0,Idle,Charging (grid),0.0,24.009242534990666,0.0,Idle,Charging (grid),0.0,24.00924253499067,0.0,Idle,Charging (grid),0.18374253499046134,0.1837425349904649
92,06:45,0.0,23.825500000000204,0.0,Idle,Charging (grid),0.0,24.009242534990666,0.0,Idle,Charging (grid),0.0,24.00924253499067,0.0,Idle,Charging (grid),0.18374253499046134,0.1837425349904649
93,07:00,0.0,23.825500000000204,0.0,Idle,Charging (grid),0.0,24.009242534990666,0.0,Idle,Charging (grid),0.0,24.00924253499067,0.0,Idle,Charging (grid),0.18374253499046134,0.1837425349904649
94,07:15,0.0,23.825500000000204,0.0,Idle,Charging (grid),0.0,24.009242534990666,0.0,Idle,Charging (grid),0.0,24.00924253499067,0.0,Idle,Charging (grid),0.18374253499046134,0.1837425349904649
95,07:30,0.0,23.825500000000204,0.0,Idle,Charging (grid),0.0,24.009242534990666,0.0,Idle,Charging (grid),0.0,24.00924253499067,0.0,Idle,Charging (grid),0.18374253499046134,0.1837425349904649
96,07:45,0.0,23.825500000000204,0.0,Idle,Charging (grid),0.0,24.009242534990666,0.0,Idle,Charging (grid),0.0,24.00924253499067,0.0,Idle,Charging (grid),0.18374253499046134,0.1837425349904649
