Time_Period,Time_Label,Grid_Energy_kWh,Energy_Cost_USD,CO2_Emissions_kg,Cumulative_Energy_Cost_USD,Cumulative_CO2_Emissions_kg
1,D1 08:00,0.0,0.0,0.0,0.0,0.0
2,D1 08:15,0.0,0.0,0.0,0.0,0.0
3,D1 08:30,0.0,0.0,0.0,0.0,0.0
4,D1 08:45,0.0,0.0,0.0,0.0,0.0
5,D1 09:00,0.0,0.0,0.0,0.0,0.0
6,D1 09:15,0.0,0.0,0.0,0.0,0.0
7,D1 09:30,0.0,0.0,0.0,0.0,0.0
8,D1 09:45,0.0,0.0,0.0,0.0,0.0
9,D1 10:00,0.0,0.0,0.0,0.0,0.0
10,D1 10:15,0.0,0.0,0.0,0.0,0.0
11,D1 10:30,0.0,0.0,0.0,0.0,0.0
12,D1 10:45,0.0,0.0,0.0,0.0,0.0
13,D1 11:00,0.0,0.0,0.0,0.0,0.0
14,D1 11:15,0.0,0.0,0.0,0.0,0.0
15,D1 11:30,0.0,0.0,0.0,0.0,0.0
16,D1 11:45,0.0,0.0,0.0,0.0,0.0
17,D1 12:00,0.0,0.0,0.0,0.0,0.0
18,D1 12:15,0.0,0.0,0.0,0.0,0.0
19,D1 12:30,0.0,0.0,0.0,0.0,0.0
20,D1 12:45,0.0,0.0,0.0,0.0,0.0
21,D1 13:00,0.0,0.0,0.0,0.0,0.0
22,D1 13:15,0.0,0.0,0.0,0.0,0.0
23,D1 13:30,0.0,0.0,0.0,0.0,0.0
24,D1 13:45,0.0,0.0,0.0,0.0,0.0
25,D1 14:00,0.0,0.0,0.0,0.0,0.0
26,D1 14:15,0.0,0.0,0.0,0.0,0.0
27,D1 14:30,0.0,0.0,0.0,0.0,0.0
28,D1 14:45,0.0,0.0,0.0,0.0,0.0
29,D1 15:00,0.0,0.0,0.0,0.0,0.0
30,D1 15:15,0.0,0.0,0.0,0.0,0.0
31,D1 15:30,0.0,0.0,0.0,0.0,0.0
32,D1 15:45,0.0,0.0,0.0,0.0,0.0
33,D1 16:00,0.0,0.0,0.0,0.0,0.0
34,D1 16:15,0.0,0.0,0.0,0.0,0.0
35,D1 16:30,0.0,0.0,0.0,0.0,0.0
36,D1 16:45,0.0,0.0,0.0,0.0,0.0
37,D1 17:00,0.0,0.0,0.0,0.0,0.0
38,D1 17:15,0.0,0.0,0.0,0.0,0.0
39,D1 17:30,0.0,0.0,0.0,0.0,0.0
40,D1 17:45,0.0,0.0,0.0,0.0,0.0
41,D1 18:00,0.0,0.0,0.0,0.0,0.0
42,D1 18:15,0.0,0.0,0.0,0.0,0.0
43,D1 18:30,0.0,0.0,0.0,0.0,0.0
44,D1 18:45,0.0,0.0,0.0,0.0,0.0
45,D1 19:00,0.0,0.0,0.0,0.0,0.0
46,D1 19:15,-0.0,-0.0,-0.0,0.0,0.0
47,D1 19:30,-0.0,-0.0,-0.0,0.0,0.0
48,D1 19:45,-0.0,-0.0,-0.0,0.0,0.0
49,D1 20:00,-0.0,-0.0,-0.0,0.0,0.0
50,D1 20:15,-0.0,-0.0,-0.0,0.0,0.0
51,D1 20:30,-0.0,-0.0,-0.0,0.0,0.0
52,D1 20:45,0.0,0.0,0.0,0.0,0.0
53,D1 21:00,0.7254448087887237,0.2807471410012361,0.15820568436787552,0.2807471410012361,0.15820568436787552
54,D1 21:15,0.7254448087887237,0.2807471410012361,0.15892550843028574,0.5614942820024722,0.31713119279816127
55,D1 21:30,0.7254448087887237,0.2807471410012361,0.16225959981400767,0.8422414230037083,0.47939079261216894
56,D1 21:45,0.7254448087887237,0.2807471410012361,0.1721763454731069,1.1229885640049444,0.6515671380852759
57,D1 22:00,0.7254448087887237,0.2807471410012361,0.1788411955470992,1.4037357050061805,0.8304083336323751
58,D1 22:15,0.7254448087887237,0.2807471410012361,0.19351612862893,1.6844828460074166,1.023924462261305
59,D1 22:30,0.7254448087887237,0.2807471410012361,0.20407983539928953,1.9652299870086527,1.2280042976605947
60,D1 22:45,0.7254448087887237,0.2807471410012361,0.20897018725906547,2.245977128009889,1.4369744849196602
61,D1 23:00,0.7254448087887237,0.2807471410012361,0.21297324394598788,2.526724269011125,1.6499477288656481
62,D1 23:15,0.7254448087887237,0.2807471410012361,0.20857690476665608,2.8074714100123614,1.8585246336323042
63,D1 23:30,0.7254448087887237,0.2807471410012361,0.21231151350386546,3.0882185510135978,2.07083614713617
64,D1 23:45,0.7254448087886913,0.28074714100122355,0.2208469752493358,3.368965692014821,2.2916831223855056
65,D1 00:00,0.7254448087887237,0.1893410950938569,0.2266343134991758,3.558306787108678,2.5183174358846814
66,D1 00:15,0.7254448087887237,0.1893410950938569,0.19919911381935027,3.747647882202535,2.7175165497040314
67,D1 00:30,0.7254448087887237,0.1893410950938569,0.20071742772834614,3.936988977296392,2.9182339774323776
68,D1 00:45,0.7254448087887237,0.1893410950938569,0.2007424374381291,4.126330072390249,3.118976414870507
69,D1 01:00,0.7254448087887237,0.1893410950938569,0.199140092355152,4.315671167484106,3.3181165072256587
70,D1 01:15,0.7254448087887237,0.1893410950938569,0.2018781009738332,4.505012262577963,3.5199946081994917
71,D1 01:30,0.7254448087887237,0.1893410950938569,0.20421297773593614,4.69435335767182,3.724207585935428
72,D1 01:45,0.7254448087887237,0.1893410950938569,0.2044786791516031,4.883694452765677,3.928686265087031
73,D1 02:00,0.7254448087887237,0.1893410950938569,0.20355150119949678,5.073035547859534,4.1322377662865275
74,D1 02:15,0.7254448087887237,0.1893410950938569,0.2039022494118773,5.262376642953391,4.336140015698405
75,D1 02:30,0.7254448087887237,0.1893410950938569,0.2060432612050587,5.451717738047248,4.542183276903463
76,D1 02:45,0.7254448087887237,0.1893410950938569,0.20528010777510913,5.641058833141105,4.747463384678572
77,D1 03:00,0.7254448087887237,0.1893410950938569,0.20616839898368516,5.830399928234962,4.953631783662257
78,D1 03:15,0.7254448087887237,0.1893410950938569,0.20914090038235925,6.019741023328819,5.162772684044617
79,D1 03:30,0.7254448087887237,0.1893410950938569,0.21105745955170144,6.209082118422676,5.373830143596319
80,D1 03:45,0.7254448087887237,0.1893410950938569,0.21196170619340193,6.398423213516533,5.585791849789721
81,D1 04:00,0.7254448087887237,0.1893410950938569,0.21087790325618852,6.58776430861039,5.79666975304591
82,D1 04:15,0.7254448087887237,0.1893410950938569,0.2033684489854503,6.777105403704247,6.00003820203136
83,D1 04:30,0.7254448087887237,0.1893410950938569,0.2030932725351358,6.966446498798104,6.203131474566495
84,D1 04:45,0.7254448087887237,0.1893410950938569,0.20277382218814086,7.155787593891961,6.405905296754637
85,D1 05:00,0.7254448087887237,0.1893410950938569,0.2045951565701022,7.345128688985818,6.610500453324739
86,D1 05:15,0.7254448087887237,0.1893410950938569,0.2015601987260603,7.534469784079675,6.812060652050799
87,D1 05:30,0.7254448087887237,0.1893410950938569,0.20377373686400035,7.723810879173532,7.015834388914799
88,D1 05:45,0.7254448087887237,0.1893410950938569,0.20545011504060398,7.913151974267389,7.221284503955403
89,D1 06:00,0.725444808788612,0.28074714100119286,0.20605366335814018,8.193899115268582,7.427338167313542
90,D1 06:15,0.7254448087887194,0.28074714100123443,0.19993009522291844,8.474646256269816,7.627268262536461
91,D1 06:30,0.7254448087887522,0.2807471410012471,0.19689804423623422,8.755393397271064,7.824166306772695
92,D1 06:45,0.7254448087885976,0.2807471410011873,0.19199871354601883,9.036140538272251,8.016165020318715
93,D1 07:00,0.7254448087887705,0.2807471410012542,0.18563084316611456,9.316887679273506,8.20179586348483
94,D1 07:15,0.7254448087887198,0.28074714100123455,0.1684264175178694,9.597634820274742,8.370222281002698
95,D1 07:30,0.7254448087887765,0.28074714100125653,0.1574570666755711,9.878381961275998,8.52767934767827
96,D1 07:45,0.7254448087887735,0.28074714100125536,0.14514467591906968,10.159129102277253,8.67282402359734
