Time_Period,Time_Start_Label,Time_End_Label,Charging_Power_kW,Discharging_Power_kW,Net_Power_kW
1,D1 08:00,D1 08:15,0.0,0.0,0.0
2,D1 08:15,D1 08:30,0.0,0.0,0.0
3,D1 08:30,D1 08:45,0.0,0.0,0.0
4,D1 08:45,D1 09:00,0.0,0.0,0.0
5,D1 09:00,D1 09:15,0.0,4.202800162465206,-4.202800162465206
6,D1 09:15,D1 09:30,0.0,0.0,0.0
7,D1 09:30,D1 09:45,0.0,0.0,0.0
8,D1 09:45,D1 10:00,0.0,8.0,-8.0
9,D1 10:00,D1 10:15,0.0,0.0,0.0
10,D1 10:15,D1 10:30,0.0,0.0,0.0
11,D1 10:30,D1 10:45,0.0,0.0,0.0
12,D1 10:45,D1 11:00,0.0,0.0,0.0
13,D1 11:00,D1 11:15,0.0,1.4412757689306765,-1.4412757689306765
14,D1 11:15,D1 11:30,0.0,0.0,0.0
15,D1 11:30,D1 11:45,0.0,0.0,0.0
16,D1 11:45,D1 12:00,0.0,0.0,0.0
17,D1 12:00,D1 12:15,0.0,0.0,0.0
18,D1 12:15,D1 12:30,0.0,0.0,0.0
19,D1 12:30,D1 12:45,0.0,8.0,-8.0
20,D1 12:45,D1 13:00,0.0,8.0,-8.0
21,D1 13:00,D1 13:15,0.0,0.0,0.0
22,D1 13:15,D1 13:30,0.0,0.0,0.0
23,D1 13:30,D1 13:45,0.0,1.6361142940747726,-1.6361142940747726
24,D1 13:45,D1 14:00,0.0,8.0,-8.0
25,D1 14:00,D1 14:15,0.0,0.0,0.0
26,D1 14:15,D1 14:30,0.0,0.0,0.0
27,D1 14:30,D1 14:45,0.0,0.0,0.0
28,D1 14:45,D1 15:00,0.0,0.0,0.0
29,D1 15:00,D1 15:15,0.0,7.9491334497415345,-7.9491334497415345
30,D1 15:15,D1 15:30,0.0,0.0,0.0
31,D1 15:30,D1 15:45,0.0,0.0,0.0
32,D1 15:45,D1 16:00,0.0,0.0,0.0
33,D1 16:00,D1 16:15,0.0,0.0,0.0
34,D1 16:15,D1 16:30,0.0,8.0,-8.0
35,D1 16:30,D1 16:45,0.0,8.0,-8.0
36,D1 16:45,D1 17:00,0.0,0.0,0.0
37,D1 17:00,D1 17:15,0.0,8.0,-8.0
38,D1 17:15,D1 17:30,0.0,8.0,-8.0
39,D1 17:30,D1 17:45,0.0,1.0003297527888648,-1.0003297527888648
40,D1 17:45,D1 18:00,0.0,8.0,-8.0
41,D1 18:00,D1 18:15,0.0,8.0,-8.0
42,D1 18:15,D1 18:30,0.0,0.0,0.0
43,D1 18:30,D1 18:45,0.0,0.0,0.0
44,D1 18:45,D1 19:00,0.0,0.0,0.0
45,D1 19:00,D1 19:15,0.0,0.0,0.0
46,D1 19:15,D1 19:30,-0.0,0.0,-0.0
47,D1 19:30,D1 19:45,-0.0,0.0,-0.0
48,D1 19:45,D1 20:00,-0.0,0.0,-0.0
49,D1 20:00,D1 20:15,-0.0,0.0,-0.0
50,D1 20:15,D1 20:30,-0.0,0.0,-0.0
51,D1 20:30,D1 20:45,-0.0,0.0,-0.0
52,D1 20:45,D1 21:00,0.0,0.0,0.0
53,D1 21:00,D1 21:15,2.901779235154895,0.0,2.901779235154895
54,D1 21:15,D1 21:30,2.901779235154895,0.0,2.901779235154895
55,D1 21:30,D1 21:45,2.901779235154895,0.0,2.901779235154895
56,D1 21:45,D1 22:00,2.901779235154895,0.0,2.901779235154895
57,D1 22:00,D1 22:15,2.901779235154895,0.0,2.901779235154895
58,D1 22:15,D1 22:30,2.901779235154895,0.0,2.901779235154895
59,D1 22:30,D1 22:45,2.901779235154895,0.0,2.901779235154895
60,D1 22:45,D1 23:00,2.901779235154895,0.0,2.901779235154895
61,D1 23:00,D1 23:15,2.901779235154895,0.0,2.901779235154895
62,D1 23:15,D1 23:30,2.901779235154895,0.0,2.901779235154895
63,D1 23:30,D1 23:45,2.901779235154895,0.0,2.901779235154895
64,D1 23:45,D1 00:00,2.9017792351547653,0.0,2.9017792351547653
65,D1 00:00,D1 00:15,2.901779235154895,0.0,2.901779235154895
66,D1 00:15,D1 00:30,2.901779235154895,0.0,2.901779235154895
67,D1 00:30,D1 00:45,2.901779235154895,0.0,2.901779235154895
68,D1 00:45,D1 01:00,2.901779235154895,0.0,2.901779235154895
69,D1 01:00,D1 01:15,2.901779235154895,0.0,2.901779235154895
70,D1 01:15,D1 01:30,2.901779235154895,0.0,2.901779235154895
71,D1 01:30,D1 01:45,2.901779235154895,0.0,2.901779235154895
72,D1 01:45,D1 02:00,2.901779235154895,0.0,2.901779235154895
73,D1 02:00,D1 02:15,2.901779235154895,0.0,2.901779235154895
74,D1 02:15,D1 02:30,2.901779235154895,0.0,2.901779235154895
75,D1 02:30,D1 02:45,2.901779235154895,0.0,2.901779235154895
76,D1 02:45,D1 03:00,2.901779235154895,0.0,2.901779235154895
77,D1 03:00,D1 03:15,2.901779235154895,0.0,2.901779235154895
78,D1 03:15,D1 03:30,2.901779235154895,0.0,2.901779235154895
79,D1 03:30,D1 03:45,2.901779235154895,0.0,2.901779235154895
80,D1 03:45,D1 04:00,2.901779235154895,0.0,2.901779235154895
81,D1 04:00,D1 04:15,2.901779235154895,0.0,2.901779235154895
82,D1 04:15,D1 04:30,2.901779235154895,0.0,2.901779235154895
83,D1 04:30,D1 04:45,2.901779235154895,0.0,2.901779235154895
84,D1 04:45,D1 05:00,2.901779235154895,0.0,2.901779235154895
85,D1 05:00,D1 05:15,2.901779235154895,0.0,2.901779235154895
86,D1 05:15,D1 05:30,2.901779235154895,0.0,2.901779235154895
87,D1 05:30,D1 05:45,2.901779235154895,0.0,2.901779235154895
88,D1 05:45,D1 06:00,2.901779235154895,0.0,2.901779235154895
89,D1 06:00,D1 06:15,2.901779235154448,0.0,2.901779235154448
90,D1 06:15,D1 06:30,2.9017792351548777,0.0,2.9017792351548777
91,D1 06:30,D1 06:45,2.9017792351550087,0.0,2.9017792351550087
92,D1 06:45,D1 07:00,2.9017792351543905,0.0,2.9017792351543905
93,D1 07:00,D1 07:15,2.901779235155082,0.0,2.901779235155082
94,D1 07:15,D1 07:30,2.901779235154879,0.0,2.901779235154879
95,D1 07:30,D1 07:45,2.901779235155106,0.0,2.901779235155106
96,D1 07:45,D1 08:00,2.901779235155094,0.0,2.901779235155094
